weighted_average_watts,total_elevation_gain_m,elapsed_time_s,location_country,average_speed_ms,achievement_count,sport_type,kudos_count,calories,date,name,max_speed_ms,pr_count,suffer_score,commute,distance_km,start_date_local,distance_m,moving_time_s,average_heartrate,id,average_watts,gear_id,location_city,average_pace_min_km,kilojoules,max_watts,start_lng,start_lat,trainer,type,average_cadence,max_heartrate
365,189.0,4793,,2.795,4,Run,27,,2026-05-30,Morning Run,4.12,3,,False,12.01,2026-05-30T08:15:35Z,12011.4,4298,156.3,18711794295,365.6,g28741548,,5.96,1560.2,673,-2.745448,53.220481,False,Run,81.6,178.0
174,1085.2,17222,,11.458,123,Ride,0,,2026-05-29,Hot Friday,20.655,122,,False,155.14,2026-05-29T16:00:00Z,155138.0,13540,137.6,18706729287,147.4,b9840788,,,1995.8,987,-2.58003,53.262273,False,Ride,77.4,175.0
185,135.6,4031,,7.579,0,VirtualRide,20,,2026-05-28,MyWhoosh - Fans working overtime,18.2,0,,False,30.55,2026-05-28T22:15:49Z,30549.8,4031,121.6,18695176276,169.5,b9840788,,,683.1,330,3.498516,50.761213,False,VirtualRide,79.6,165.0
165,307.2,6391,,6.503,0,VirtualRide,20,,2026-05-27,MyWhoosh - Tri Endurance #1,11.18,0,,False,41.56,2026-05-27T21:22:46Z,41561.5,6391,128.5,18681376115,162.6,b9840788,,,1039.0,401,55.300214,24.814202,False,VirtualRide,80.4,150.0
394,87.0,1873,,2.843,1,Run,18,,2026-05-24,Night Run,3.84,0,,False,5.32,2026-05-24T21:44:47Z,5324.3,1873,147.1,18640606234,384.5,g22614275,,5.86,718.6,604,-2.7457,53.220379,False,Run,81.9,162.0
149,252.0,4136,,6.3,1,VirtualRide,15,,2026-05-24,MyWhoosh - Zone 2 Endurance 30min,23.46,0,,False,26.06,2026-05-24T20:27:05Z,26056.3,4136,127.4,18640291494,147.8,b9840788,,,611.2,422,146.715471,-19.253497,False,VirtualRide,83.2,142.0
187,0,9013,,6.745,0,VirtualRide,0,,2026-05-22,Sweet Spot,20.54,0,,False,60.8,2026-05-22T05:30:00Z,60796.9,9013,137.9,18605360790,174.3,b9840788,,,1571.2,532,,,True,VirtualRide,81.8,162.0
347,71.0,1987,,2.558,0,Run,19,,2026-05-20,Evening Run,3.76,0,,False,5.07,2026-05-20T19:17:19Z,5065.5,1980,137.5,18586154401,339.5,g28741548,,6.52,669.8,504,-2.745519,53.220451,False,Run,81.1,149.0
,0,1380,,0.0,0,WeightTraining,13,,2026-05-19,Evening Weight Training,0.0,0,,False,0.0,2026-05-19T20:34:43Z,0.0,1380,119.1,18573225693,,,,,,,,,True,WeightTraining,,154.0
395,88.0,2141,,2.841,4,Run,17,,2026-05-19,Evening Run,4.16,2,,False,6.06,2026-05-19T19:39:02Z,6059.4,2133,155.2,18572770174,383.3,g22614275,,5.87,816.9,583,-2.745714,53.220377,False,Run,81.1,178.0
334,162.0,9482,,2.472,24,Run,32,,2026-05-17,Morning Run,4.48,2,,False,21.33,2026-05-17T09:00:26Z,21329.4,8630,146.6,18542239176,332.3,g28741548,,6.74,2864.2,589,-2.902132,53.187331,False,Run,81.0,172.0
354,31.0,1333,,2.688,1,Run,23,,2026-05-16,Lunch Run,5.34,0,,False,3.57,2026-05-16T12:57:03Z,3572.6,1329,142.4,18528632826,350.1,g22614275,,6.2,464.5,681,-2.745698,53.220388,False,Run,80.6,165.0
193,0,8327,,8.133,7,VirtualRide,0,,2026-05-15,Indoor Ride,18.133,0,,False,67.73,2026-05-15T06:00:00Z,67727.4,8327,152.0,18513297933,181.6,b9840788,,,1511.9,601,,,True,VirtualRide,85.6,173.0
231,542.8,8327,,8.151,8,VirtualRide,0,,2026-05-14,Morning Ride,18.133,0,,False,67.73,2026-05-14T05:30:00Z,67727.4,8309,176.3,18499706711,221.6,b9840788,,,1841.0,641,166.180669,-21.736906,False,VirtualRide,85.6,180.0
,0,2700,,0.0,0,Run,0,,2026-05-13,Indoor run,0.0,0,,False,0.0,2026-05-13T06:00:00Z,0.0,2700,176.8,18487782913,,g22614267,,,,,,,True,Run,88.0,181.0
415,92.0,1801,,2.932,3,Run,18,,2026-05-12,Evening Run,4.2,1,,False,5.14,2026-05-12T20:15:55Z,5137.4,1752,161.6,18482127428,404.8,g22614275,,5.68,707.5,692,-2.745541,53.220596,False,Run,81.1,188.0
357,94.0,4761,,2.74,2,Run,28,,2026-05-09,Morning Run,5.04,2,,False,12.58,2026-05-09T09:17:31Z,12577.7,4591,148.0,18435493792,356.2,g22614275,,6.08,1625.2,762,-2.745737,53.220378,False,Run,80.7,174.0
334,70.0,2204,,2.471,0,Run,23,,2026-05-04,Morning Run,3.42,0,,False,5.45,2026-05-04T09:02:26Z,5445.3,2204,131.2,18368791106,325.1,g22614275,,6.74,715.9,530,-2.745715,53.220375,False,Run,81.1,167.0
334,159.0,8083,,2.595,14,Run,33,,2026-05-02,Morning Run to Chester Parkrun,4.52,7,,False,19.32,2026-05-02T07:19:55Z,19323.2,7447,148.1,18342388341,328.9,g28741548,,6.42,2426.8,588,-2.74578,53.220377,False,Run,81.3,173.0
373,127.0,3567,,2.682,4,Run,22,,2026-04-30,Evening Run,4.52,3,,False,9.52,2026-04-30T18:45:32Z,9521.7,3550,147.1,18322815592,353.5,g22614275,,6.21,1245.5,608,-2.745666,53.220385,False,Run,80.7,174.0
162,291.2,4272,,6.492,0,VirtualRide,23,,2026-04-29,MyWhoosh - Endurance 12's #2,18.08,0,,False,27.73,2026-04-29T22:31:04Z,27734.4,4272,129.1,18312413558,157.6,b9840788,,,673.1,233,54.302861,23.780417,False,VirtualRide,78.5,143.0
408,76.0,1748,,2.914,2,Run,22,,2026-04-27,Evening Run,4.24,0,,False,5.08,2026-04-27T19:34:12Z,5078.8,1743,150.3,18282736100,400.5,g22614275,,5.72,698.0,578,-2.745693,53.220406,False,Run,83.3,169.0
328,214.0,7965,,2.477,23,Run,28,,2026-04-25,Weekend easy long run,3.94,11,,False,18.26,2026-04-25T08:26:08Z,18264.4,7375,144.4,18249517404,329.8,g28741548,,6.73,2406.6,518,-0.730634,52.416825,False,Run,81.2,161.0
359,125.0,3841,,2.649,0,Run,25,,2026-04-23,Evening Run,3.78,0,,False,10.13,2026-04-23T18:40:57Z,10130.4,3824,149.4,18229904479,349.9,g22614275,,6.29,1337.4,587,-2.74555,53.220464,False,Run,81.2,168.0
152,54.6,3999,,7.534,1,VirtualRide,16,,2026-04-22,MyWhoosh - Zone 2 Endurance 40min,12.54,0,,False,30.13,2026-04-22T21:46:58Z,30127.6,3999,125.8,18218063501,149.5,b9840788,,,598.0,430,54.62125,24.052197,False,VirtualRide,84.8,140.0
393,77.0,1808,,2.811,0,Run,17,,2026-04-21,Evening Run,4.64,0,,False,5.06,2026-04-21T19:56:44Z,5061.9,1801,149.1,18202802461,382.0,g22614275,,5.93,687.5,590,-2.745714,53.220405,False,Run,82.5,160.0
306,165.0,7708,,2.223,4,Run,31,,2026-04-19,Lunch Run,3.22,0,,False,17.12,2026-04-19T11:13:53Z,17123.1,7703,134.4,18171510071,297.8,g28741548,,7.5,2292.5,522,-2.745672,53.220403,False,Run,77.8,153.0
345,117.0,1617,,2.277,2,Run,0,,2026-04-18,Morning Run,3.3,2,,False,3.46,2026-04-18T09:00:13Z,3455.9,1518,141.6,18154195397,323.5,g22614275,,7.32,488.7,569,-2.681156,53.227921,False,Run,77.6,158.0
395,90.0,2199,,2.785,1,Run,19,,2026-04-16,Evening Run,4.36,0,,False,6.05,2026-04-16T19:19:22Z,6052.0,2173,152.6,18136174881,381.5,g22614275,,5.98,830.3,663,-2.745547,53.22047,False,Run,81.1,173.0
174,110.0,3724,,8.449,0,VirtualRide,22,,2026-04-15,MyWhoosh - Coffee Trail,13.06,0,,False,31.46,2026-04-15T22:05:08Z,31463.2,3724,140.4,18124521771,167.2,b9840788,,,622.7,593,-72.774296,4.584973,False,VirtualRide,82.8,166.0
336,39.0,2817,,2.547,4,Run,22,,2026-04-14,Morning Run,3.64,2,,False,7.15,2026-04-14T07:02:06Z,7145.9,2806,137.6,18100174337,329.1,g28741548,,6.54,923.1,494,5.657285,50.849094,False,Run,82.9,154.0
326,66.0,3035,,2.387,3,Run,25,,2026-04-13,Morning Run,3.76,2,,False,7.14,2026-04-13T08:55:36Z,7136.6,2990,135.5,18088088319,321.8,g28741548,,6.98,953.2,498,5.657236,50.849044,False,Run,81.2,146.0
340,113.0,6290,,2.458,9,Run,28,,2026-04-11,Morning Run,4.08,3,,False,13.44,2026-04-11T07:49:56Z,13440.8,5469,144.3,18061856893,342.6,g28741548,,6.78,1788.2,551,5.657256,50.849102,False,Run,82.3,166.0
147,318.4,5452,,6.143,0,VirtualRide,18,,2026-04-08,MyWhoosh - 90 Minute Endurance,20.7,0,,False,33.49,2026-04-08T20:55:52Z,33489.4,5452,134.6,18033111815,144.4,b9840788,,,787.1,1115,5.00808,50.187891,False,VirtualRide,82.0,148.0
356,104.0,2724,,2.538,0,Run,20,,2026-04-07,Evening Run,7.2,0,,False,6.77,2026-04-07T19:07:43Z,6768.9,2667,145.7,18017526788,347.3,g22614275,,6.57,921.3,873,-2.745605,53.220587,False,Run,79.6,180.0
169,32.6,1923,,8.355,2,VirtualRide,15,,2026-04-06,MyWhoosh - Heian Samurai Circuit,11.52,1,,False,16.07,2026-04-06T20:43:36Z,16066.1,1923,134.3,18004640200,157.8,b9840788,,,303.5,434,135.777959,35.25142,False,VirtualRide,82.9,151.0
299,91.0,2460,,2.249,0,Run,36,,2026-04-04,Morning Family Run,3.74,0,,False,5.48,2026-04-04T10:58:21Z,5480.0,2437,139.5,17972727921,273.5,g22614275,,7.41,643.3,589,-2.745667,53.220371,False,Run,78.6,154.0
368,94.0,2401,,2.639,1,Run,23,,2026-04-03,Morning Run,4.02,0,,False,6.31,2026-04-03T09:31:40Z,6307.9,2390,149.2,17959137462,361.2,g28741548,,6.32,862.1,596,-2.745855,53.220419,False,Run,81.0,164.0
140,128.4,3731,,7.112,1,VirtualRide,18,,2026-04-01,MyWhoosh - Zone 2 Endurance 40min,16.66,0,,False,26.53,2026-04-01T21:32:08Z,26533.3,3731,131.8,17943035002,138.5,b9840788,,,516.6,176,56.152716,24.576086,False,VirtualRide,81.0,145.0
368,91.0,2041,,2.613,0,Run,18,,2026-03-31,Evening Run,4.66,0,,False,5.3,2026-03-31T18:20:04Z,5295.7,2027,143.7,17928348992,359.9,g22614275,,6.38,730.5,597,-2.745672,53.220591,False,Run,81.4,165.0
361,138.0,3677,,2.592,1,Run,22,,2026-03-28,Morning Run,4.34,0,,False,9.26,2026-03-28T09:00:26Z,9256.8,3571,150.7,17885674006,353.4,g28741548,,6.43,1262.7,682,-2.745626,53.220418,False,Run,78.9,169.0
167,44.6,2429,,8.661,0,VirtualRide,19,,2026-03-24,MyWhoosh - Coffee Trail,13.28,0,,False,21.04,2026-03-24T06:01:45Z,21036.7,2429,141.8,17836433431,161.4,b9840788,,,392.1,460,-72.765536,4.596965,False,VirtualRide,80.8,160.0
389,78.0,1837,,2.742,2,Run,21,,2026-03-23,Evening Run,5.56,0,,False,5.03,2026-03-23T18:27:35Z,5028.0,1834,151.9,17831334537,382.5,g22614275,,6.08,700.4,614,-2.745535,53.220448,False,Run,79.4,172.0
154,87.6,3807,,7.933,3,VirtualRide,21,,2026-03-17,MyWhoosh - Yas Marina Circuit,11.64,1,,False,30.2,2026-03-17T05:49:39Z,30199.9,3807,138.5,17750262524,149.4,b9840788,,,568.8,448,54.676407,24.464538,False,VirtualRide,85.5,161.0
325,67.0,4228,,2.405,18,Run,39,,2026-03-08,Morning Run,3.76,0,,False,10.15,2026-03-08T09:05:50Z,10152.1,4222,151.6,17645321798,322.8,g28741548,,6.93,1361.7,458,-2.896238,53.187624,False,Run,79.0,173.0
294,98.0,4482,,2.084,0,Run,31,,2026-03-01,Morning Run,3.24,0,,False,9.31,2026-03-01T10:03:04Z,9310.7,4467,142.6,17562973003,281.7,g22614275,,8.0,1257.0,510,-3.013447,53.361513,False,Run,75.5,170.0
368,121.0,3746,,2.688,4,Run,30,,2026-02-01,Lunch Run,4.06,1,,False,10.07,2026-02-01T11:29:25Z,10069.8,3746,160.8,17249308718,361.9,g28741548,,6.2,1354.5,561,-2.745702,53.220429,False,Run,79.3,178.0
150,92.4,4150,,7.436,0,VirtualRide,26,,2026-01-24,MyWhoosh - Strength Endurance #1,12.88,0,,False,30.86,2026-01-24T10:47:46Z,30861.2,4150,131.1,17159634727,139.6,b9840788,,,579.4,296,-72.806246,4.573434,False,VirtualRide,82.8,158.0
152,128.2,3797,,7.384,0,VirtualRide,23,,2026-01-10,MyWhoosh - Aerobic 12's #1,15.54,0,,False,28.04,2026-01-10T09:32:18Z,28038.3,3797,145.9,16998293525,147.4,b9840788,,,559.7,257,56.152732,24.576078,False,VirtualRide,84.3,164.0
138,43.6,3569,,7.461,1,VirtualRide,17,,2026-01-04,MyWhoosh - Zone 2 Endurance 30min,12.04,0,,False,26.63,2026-01-04T12:21:27Z,26627.5,3569,142.2,16934442844,136.2,b9840788,,,486.0,213,54.621255,24.052218,False,VirtualRide,82.1,156.0
321,43.0,2106,,2.291,0,Run,24,,2025-12-26,Lunch Run - Freezing run,3.58,0,,False,4.62,2025-12-26T11:32:12Z,4616.0,2015,147.7,16843894670,302.6,g22614275,,7.27,608.1,499,-0.450181,50.810667,False,Run,75.0,165.0
176,2042.0,20954,,6.006,0,Ride,34,,2025-09-27,Morning Ride/Slog - Peaks Tour,18.04,0,,False,119.92,2025-09-27T08:11:55Z,119916.0,19967,150.0,15952918703,144.4,b9840788,,,2887.5,725,-1.667362,53.213087,False,Ride,68.4,185.0
364,61.0,2492,,2.833,0,Run,20,,2025-09-20,Lunch Run,4.28,0,,False,7.06,2025-09-20T11:01:36Z,7058.7,2492,160.0,15874378483,353.5,g22614275,,5.88,881.5,507,-0.730599,52.416684,False,Run,80.1,180.0
168,655.0,4631,,3.896,0,VirtualRide,19,,2025-09-14,MyWhoosh - Snowfall Mountain,21.08,0,,False,18.04,2025-09-14T09:35:13Z,18041.7,4631,133.6,15806138446,158.3,b9840788,,,732.9,354,-71.007364,24.987676,False,VirtualRide,75.0,152.0
167,97.0,3774,,7.952,0,VirtualRide,17,,2025-09-09,MyWhoosh - Phosphate 6,13.14,0,,False,30.01,2025-09-09T07:08:16Z,30010.7,3774,143.5,15748398964,157.1,b9840788,,,592.8,603,-72.806236,4.573427,False,VirtualRide,80.6,166.0
291,86.0,2051,,2.264,0,Run,16,,2025-09-08,Afternoon Run,3.38,0,,False,4.55,2025-09-08T17:21:04Z,4550.8,2010,131.4,15741983984,278.7,g22614275,,7.36,557.1,508,-2.745692,53.220391,False,Run,75.6,156.0
168,1013.0,7572,,3.022,0,VirtualRide,22,,2025-09-07,MyWhoosh - Endurance Climb,9.22,0,,False,22.88,2025-09-07T09:42:19Z,22882.4,7572,139.9,15727167479,163.8,b9840788,,,1240.6,340,23.322145,53.417732,False,VirtualRide,81.5,155.0
155,226.0,3615,,6.749,0,VirtualRide,15,,2025-09-04,MyWhoosh - Zone 2 Endurance 30min,21.44,0,,False,24.4,2025-09-04T06:32:51Z,24398.3,3615,144.5,15691092986,153.1,b9840788,,,553.6,249,38.431793,26.543956,False,VirtualRide,80.0,162.0
325,80.0,3236,,2.486,2,Run,23,,2025-08-30,Morning Run,3.9,1,,False,8.0,2025-08-30T08:07:37Z,8001.1,3218,154.7,15633644753,312.9,g22614275,,6.7,995.0,496,-2.745619,53.220374,False,Run,76.8,180.0
313,99.0,3982,,2.37,1,Run,22,,2025-08-25,Morning Run,3.54,0,,False,9.44,2025-08-25T10:22:19Z,9437.2,3982,154.2,15578827273,304.9,g22614275,,7.03,1212.0,477,-2.745243,53.220437,False,Run,76.5,179.0
176,1236.0,17232,,7.343,150,Ride,37,,2025-08-17,Morning Ride,16.92,51,,False,120.5,2025-08-17T07:24:56Z,120498.0,16409,152.3,15488365363,149.2,b9840788,,,2456.9,1031,-2.842666,53.197456,False,Ride,75.3,183.0
170,192.0,2819,,6.398,0,VirtualRide,16,,2025-08-15,MyWhoosh - Free-ride volume,16.86,0,,False,18.04,2025-08-15T06:50:59Z,18036.7,2819,138.9,15463750615,145.6,b9840788,,,410.4,1120,5.008103,50.18788,False,VirtualRide,80.7,167.0
175,258.0,4078,,7.368,0,VirtualRide,15,,2025-08-14,MyWhoosh - Anaerobic Capacity #2,15.64,0,,False,30.05,2025-08-14T06:39:19Z,30048.1,4078,148.6,15452753229,160.7,b9840788,,,655.3,327,37.711521,26.735651,False,VirtualRide,80.9,173.0
169,252.0,3261,,6.138,0,VirtualRide,13,,2025-08-12,MyWhoosh - Endurance #5,19.02,0,,False,20.02,2025-08-12T06:26:24Z,20016.3,3261,152.7,15428870214,158.7,b9840788,,,517.4,465,135.171736,35.464573,False,VirtualRide,84.5,185.0
179,123.0,2598,,7.822,0,VirtualRide,16,,2025-08-07,MyWhoosh - Sweet Spot 15,16.94,0,,False,20.32,2025-08-07T20:47:00Z,20322.4,2598,152.8,15381041053,170.6,b9840788,,,443.2,282,-121.758009,37.4143,False,VirtualRide,82.6,172.0
154,54.0,3730,,8.047,0,VirtualRide,18,,2025-07-28,MyWhoosh - Zone 2 Endurance 40min,11.48,0,,False,30.02,2025-07-28T06:27:58Z,30017.0,3730,148.6,15260083645,151.2,b9840788,,,563.8,196,54.62125,24.052186,False,VirtualRide,86.4,166.0
343,62.0,1807,,2.46,0,Run,20,,2025-07-10,Evening Run,4.26,0,,False,4.45,2025-07-10T20:19:56Z,4445.7,1807,144.7,15072237870,307.2,g22614275,,6.78,550.5,549,-2.745584,53.220657,False,Run,75.2,169.0
336,72.0,2680,,2.23,1,Run,15,,2025-07-06,Morning Run,3.94,0,,False,5.88,2025-07-06T10:46:38Z,5880.6,2637,143.5,15027029174,314.0,g22614253,,7.47,768.5,609,-2.745598,53.220437,False,Run,76.9,164.0
334,82.0,2403,,2.4,0,Run,17,,2025-07-03,Evening Run,3.56,0,,False,5.73,2025-07-03T19:37:05Z,5734.4,2389,143.1,14997783103,318.0,g22614275,,6.94,757.8,516,-2.745691,53.220354,False,Run,77.5,164.0
280,58.0,2072,,2.25,0,Run,28,,2025-07-01,New type of family run,3.42,0,,False,4.58,2025-07-01T17:59:35Z,4581.9,2036,138.5,14975301911,260.6,g22614275,,7.41,531.0,506,-2.745532,53.22047,False,Run,76.4,167.0
349,62.0,1809,,2.495,0,Run,21,,2025-06-30,Evening Run,3.82,0,,False,4.47,2025-06-30T19:48:26Z,4470.6,1792,152.1,14965648503,328.2,g22614275,,6.68,586.5,502,-2.745537,53.220698,False,Run,75.1,175.0
189,516.0,4363,,5.613,0,VirtualRide,22,,2025-06-04,MyWhoosh - TT Power #2,23.58,0,,False,24.49,2025-06-04T06:03:25Z,24489.9,4363,145.8,14690661596,179.3,b9840788,,,782.3,289,148.737502,-20.99995,False,VirtualRide,83.1,170.0
171,427.0,4432,,5.526,0,VirtualRide,17,,2025-06-02,MyWhoosh - Endurance 12's #2,19.04,0,,False,24.49,2025-06-02T05:41:39Z,24493.3,4432,138.9,14669141068,166.3,b9840788,,,737.1,486,135.171736,35.464567,False,VirtualRide,82.3,154.0
364,122.0,8960,,2.717,3,Run,57,,2025-05-18,Chester Half Marathon,3.8,2,,False,21.31,2025-05-18T09:03:43Z,21311.5,7843,167.4,14517278639,353.7,g22614275,,6.13,2766.5,529,-2.901855,53.187446,False,Run,81.4,184.0
214,481.0,8263,,8.011,82,Ride,21,,2025-05-13,Afternoon Ride,17.64,39,,False,62.51,2025-05-13T17:35:37Z,62512.4,7803,143.5,14470363115,184.3,b9840788,,,1435.5,947,-2.745515,53.220467,False,Ride,72.8,174.0
,171.0,17107,,0.963,0,Golf,21,,2025-05-11,Morning Golf,2.1,0,,False,9.71,2025-05-11T09:25:32Z,9712.3,10084,94.2,14446509945,,,,,,,-2.550471,53.322072,False,Golf,,122.0
342,114.0,3956,,2.563,4,Run,34,,2025-05-08,Evening Run with my running buddy,3.98,2,,False,10.05,2025-05-08T19:51:49Z,10053.9,3923,147.5,14419428307,330.8,g22614253,,6.5,1295.7,516,-2.745753,53.220492,False,Run,79.4,175.0
195,160.0,3748,,8.033,1,VirtualRide,21,,2025-05-08,MyWhoosh - Lactate Tolerance #2,16.76,1,,False,30.11,2025-05-08T05:58:26Z,30109.4,3748,143.0,14412227553,173.5,b9840788,,,650.2,373,-121.758009,37.414303,False,VirtualRide,86.7,170.0
,10.0,1978,,1.459,0,Hike,0,,2025-05-07,Evening Hike,2.96,0,,False,2.02,2025-05-07T20:10:35Z,2024.4,1388,110.8,14408928322,,,,11.42,,,-2.746663,53.220098,False,Hike,59.5,143.0
195,408.0,7885,,7.854,33,Ride,25,,2025-05-06,Evening Ride with the Gents,16.74,21,,False,54.95,2025-05-06T18:16:49Z,54951.2,6997,139.1,14398362730,158.7,b9840788,,,1134.4,1294,-2.747697,53.227825,False,Ride,70.8,173.0
182,297.0,4223,,7.209,0,VirtualRide,16,,2025-05-06,MyWhoosh - Endurance #4,23.46,0,,False,30.44,2025-05-06T07:01:36Z,30443.3,4223,140.7,14391782196,173.8,b9840788,,,733.9,728,146.715492,-19.253488,False,VirtualRide,88.4,157.0
,0,334,,0.0,0,Workout,15,,2025-05-04,Breath work,0.0,0,,False,0.0,2025-05-04T13:38:43Z,0.0,334,68.0,14374920963,,,,,,,,,True,Workout,,81.0
383,128.0,5957,,2.891,7,Run,35,,2025-05-03,Afternoon Run,3.84,6,,False,17.2,2025-05-03T14:57:38Z,17201.3,5949,154.7,14366316635,374.8,g22614275,,5.77,2228.7,565,-2.745747,53.220383,False,Run,80.7,168.0
186,210.0,3787,,7.954,0,VirtualRide,19,,2025-05-02,MyWhoosh - TT Speed #4,17.74,0,,False,30.12,2025-05-02T05:56:47Z,30120.1,3787,142.9,14350956951,174.6,b9840788,,,661.3,324,-120.610249,38.601413,False,VirtualRide,82.5,160.0
384,73.0,1814,,2.838,0,Run,26,,2025-05-01,Evening Run,4.96,0,,False,5.13,2025-05-01T19:19:53Z,5130.4,1808,150.6,14347528263,366.2,g22614275,,5.87,661.1,587,-2.745839,53.220369,False,Run,77.8,172.0
155,158.0,3732,,7.557,0,VirtualRide,25,,2025-05-01,MyWhoosh - Zone 2 Endurance 40min,16.86,0,,False,28.2,2025-05-01T06:03:51Z,28202.9,3732,138.4,14339583914,152.7,b9840788,,,570.0,210,-121.758009,37.414292,False,VirtualRide,82.5,150.0
202,487.0,9009,,7.803,49,Ride,34,,2025-04-29,Afternoon Ride,16.4,37,,False,63.28,2025-04-29T17:36:05Z,63276.6,8109,147.1,14325800753,178.5,b9840788,,,1449.1,949,-2.745582,53.220339,False,Ride,73.8,175.0
356,78.0,2253,,2.727,2,Run,31,,2025-04-28,Evening Run,3.76,0,,False,6.13,2025-04-28T19:01:52Z,6129.8,2248,145.4,14314624720,348.8,g22614253,,6.11,782.6,525,-2.745633,53.220378,False,Run,79.4,170.0
342,70.0,2070,,2.56,2,Run,20,,2025-04-24,Evening Run,3.44,0,,False,5.28,2025-04-24T19:57:36Z,5281.2,2063,140.2,14275731616,332.4,g22614267,,6.51,680.0,490,-2.745728,53.220382,False,Run,80.4,164.0
380,72.0,1802,,2.817,1,Run,27,,2025-04-23,Evening Run,4.4,1,,False,5.05,2025-04-23T19:11:43Z,5052.9,1794,157.7,14265560937,362.4,g22614253,,5.92,648.6,613,-2.745733,53.220305,False,Run,79.4,184.0
193,1009.0,16321,,7.424,57,Ride,35,,2025-04-19,Morning Solo Ride,16.84,53,,False,113.09,2025-04-19T09:04:38Z,113094.0,15234,148.7,14222367011,168.0,b9840788,,,2556.0,1304,-0.448852,50.812292,False,Ride,77.2,178.0
,210.0,14227,,0.999,0,Golf,21,,2025-04-18,Afternoon Golf - Colt Worthing Golf Club,2.38,0,,False,9.06,2025-04-18T15:11:13Z,9061.6,9072,102.8,14215778708,,,,,,,-0.385565,50.842365,False,Golf,,136.0
353,16.0,2266,,2.852,0,Run,19,,2025-04-18,Morning Intervals,3.7,0,,False,6.42,2025-04-18T10:08:23Z,6416.7,2250,150.8,14210936310,350.0,g22614275,,5.84,786.7,449,-0.449437,50.811372,False,Run,80.6,171.0
343,110.0,6012,,2.68,0,Run,33,,2025-04-13,Afternoon Run,3.44,0,,False,16.11,2025-04-13T14:14:16Z,16112.5,6012,150.0,14166662522,341.0,g22614275,,6.22,2049.8,549,-2.745618,53.220384,False,Run,80.3,166.0
,0,346,,0.0,0,Workout,0,,2025-04-11,Evening Workout,0.0,0,,False,0.0,2025-04-11T19:59:01Z,0.0,346,73.1,14148634014,,,,,,,,,True,Workout,,87.0
198,58.0,3878,,8.768,0,VirtualRide,23,,2025-04-11,MyWhoosh - Threshold Power #1,12.82,0,,False,34.0,2025-04-11T07:02:27Z,34001.9,3878,152.8,14143272802,186.7,b9840788,,,724.0,298,54.62125,24.052186,False,VirtualRide,88.1,174.0
359,57.0,1883,,2.692,1,Run,27,,2025-04-09,Evening Run,3.6,0,,False,5.07,2025-04-09T19:09:51Z,5069.2,1883,145.2,14130005196,351.1,g22614253,,6.19,661.1,497,-2.745803,53.220397,False,Run,79.5,176.0
335,53.0,5956,,2.697,0,Run,33,,2025-04-05,Morning Run,3.94,0,,False,15.05,2025-04-05T09:08:50Z,15049.2,5580,150.8,14085034584,342.9,g22614275,,6.18,1905.2,495,-0.348211,51.460558,False,Run,79.5,165.0
380,67.0,1806,,2.816,3,Run,27,,2025-04-03,Evening Run,4.0,3,,False,5.07,2025-04-03T19:03:25Z,5068.7,1800,158.9,14071173628,374.8,g22614275,,5.92,664.5,523,-2.745843,53.220396,False,Run,79.3,178.0
170,31.0,3796,,8.353,0,VirtualRide,23,,2025-04-02,MyWhoosh - Endurance 12's #1,11.28,0,,False,31.71,2025-04-02T07:09:14Z,31706.5,3796,135.6,14055739717,163.3,b9840788,,,619.9,238,54.987028,23.358186,False,VirtualRide,88.8,153.0
189,195.0,3251,,7.395,3,VirtualRide,18,,2025-04-01,MyWhoosh - Lactate Tolerance #1,16.88,2,,False,24.04,2025-04-01T07:53:44Z,24040.9,3251,137.1,14045680780,171.7,b9840788,,,558.1,338,54.978225,23.402679,False,VirtualRide,84.2,166.0
172,284.0,3989,,6.347,0,VirtualRide,20,,2025-03-20,MyWhoosh - Endurance #3,17.6,0,,False,25.32,2025-03-20T07:29:03Z,25319.4,3989,132.5,13933676036,162.6,b9840788,,,648.7,268,5.008106,50.18788,False,VirtualRide,88.7,153.0
190,38.0,3852,,8.604,0,VirtualRide,19,,2025-03-18,MyWhoosh - TT Speed #3,11.9,0,,False,33.14,2025-03-18T06:53:34Z,33142.9,3852,140.6,13913793484,177.9,b9840788,,,685.4,296,54.987066,23.3582,False,VirtualRide,89.7,162.0
357,80.0,2636,,2.667,2,Run,26,,2025-03-15,Morning Run,4.04,1,,False,7.02,2025-03-15T09:36:11Z,7015.1,2630,146.8,13887014190,349.3,g22614253,,6.25,919.4,551,-0.730656,52.416778,False,Run,80.0,166.0
166,56.0,3751,,8.302,0,VirtualRide,19,,2025-03-14,MyWhoosh - Zone 2 Endurance 30min,11.5,0,,False,31.14,2025-03-14T07:12:01Z,31142.5,3751,133.8,13878055223,162.3,b9840788,,,608.9,482,54.621255,24.052221,False,VirtualRide,90.0,156.0
183,258.0,3726,,7.082,0,VirtualRide,19,,2025-03-11,MyWhoosh - Lactate Threshold #2,23.64,0,,False,26.39,2025-03-11T05:46:49Z,26388.8,3726,133.3,13849055484,168.4,b9840788,,,627.4,347,146.715492,-19.25348,False,VirtualRide,87.8,155.0
387,66.0,3429,,2.985,0,Run,53,,2025-03-09,MBNA Chester 10k,4.62,0,,False,10.13,2025-03-09T09:31:45Z,10135.0,3395,147.7,13831057745,386.7,g22614253,,5.58,1313.1,550,-2.896186,53.187415,False,Run,81.7,185.0
168,56.0,3819,,8.268,0,VirtualRide,24,,2025-03-07,MyWhoosh - Pure Strength #2,11.82,0,,False,31.57,2025-03-07T06:36:04Z,31574.6,3819,131.3,13811716805,161.3,b9840788,,,616.2,330,54.62125,24.052213,False,VirtualRide,86.7,150.0
166,321.0,4636,,6.753,0,VirtualRide,19,,2025-03-06,MyWhoosh - Endurance #2,20.44,0,,False,31.31,2025-03-06T06:24:53Z,31306.0,4636,131.7,13802607071,158.8,b9840788,,,736.3,378,5.00811,50.187875,False,VirtualRide,87.0,148.0
187,339.0,4519,,7.38,0,VirtualRide,19,,2025-03-05,MyWhoosh - TT Speed #2,21.76,0,,False,33.35,2025-03-05T06:03:03Z,33348.6,4519,136.3,13793245571,177.3,b9840788,,,801.2,497,38.43182,26.54398,False,VirtualRide,86.1,155.0
,58.0,6914,,1.115,0,Walk,27,,2025-03-01,Morning Dog walk with the Family,1.8,0,,False,5.66,2025-03-01T10:30:10Z,5661.8,5079,85.0,13758593819,,g22614267,,14.95,,,-2.687478,53.238631,False,Walk,52.6,114.0
198,289.0,3795,,7.938,0,VirtualRide,22,,2025-03-01,Morning Ride,23.14,0,,False,30.12,2025-03-01T06:44:49Z,30123.7,3795,140.5,13755991993,188.1,b9840788,,,713.9,580,146.715471,-19.253493,False,VirtualRide,83.6,162.0
,0,2378,,0.0,0,WeightTraining,15,,2025-02-25,Morning Weight Training,0.0,0,,False,0.0,2025-02-25T05:58:44Z,0.0,2378,109.1,13721813583,,,,,,,,,True,WeightTraining,,150.0
323,0,1875,,2.843,0,Run,24,,2025-02-24,Morning Run,3.62,0,,False,5.33,2025-02-24T05:21:50Z,5330.0,1875,140.5,13712371522,306.0,g22614258,,5.86,573.4,473,,,True,Run,79.7,170.0
172,516.0,7256,,7.182,0,VirtualRide,27,,2025-02-22,MyWhoosh - Zone 2 Endurance 30min,21.3,0,,False,52.11,2025-02-22T07:25:42Z,52113.9,7256,131.2,13692973946,162.7,b9840788,,,1180.7,1090,38.431807,26.543969,False,VirtualRide,86.3,157.0
179,55.0,3670,,8.319,0,VirtualRide,13,,2025-02-21,MyWhoosh - Lactate Threshold #1,11.56,0,,False,30.53,2025-02-21T07:01:25Z,30529.6,3670,114.4,13684556582,166.1,b9840788,,,609.5,468,54.62125,24.052213,False,VirtualRide,85.3,152.0
180,58.0,4086,,8.32,0,VirtualRide,16,,2025-02-20,MyWhoosh - Pure Strength #1,11.52,0,,False,33.99,2025-02-20T06:58:24Z,33994.9,4086,135.7,13675994252,164.7,b9840788,,,673.0,464,54.62125,24.052184,False,VirtualRide,85.9,175.0
398,68.0,1740,,3.011,1,Run,20,,2025-02-18,Afternoon Run,4.7,1,,False,5.12,2025-02-18T17:08:28Z,5124.0,1702,152.9,13662072528,392.5,g22614267,,5.54,668.0,586,-2.745724,53.220379,False,Run,80.8,178.0
189,462.0,4718,,6.929,0,VirtualRide,16,,2025-02-18,MyWhoosh - Endurance #1,19.4,0,,False,32.69,2025-02-18T06:47:42Z,32690.4,4718,133.9,13657672262,168.7,b9840788,,,796.0,644,150.861694,-34.342752,False,VirtualRide,86.4,172.0
180,139.0,3941,,8.121,0,VirtualRide,20,,2025-02-17,MyWhoosh - TT Speed #1,16.02,0,,False,32.0,2025-02-17T06:54:06Z,32004.1,3941,137.8,13648854328,168.6,b9840788,,,664.4,237,56.152727,24.576083,False,VirtualRide,88.0,154.0
148,226.0,3384,,6.366,0,VirtualRide,22,,2025-02-16,MyWhoosh - Active Recovery,21.32,0,,False,21.54,2025-02-16T08:10:05Z,21543.3,3384,127.5,13639661886,143.9,b9840788,,,486.8,290,38.431801,26.543961,False,VirtualRide,87.9,141.0
356,104.0,3793,,2.719,1,Run,28,,2025-02-15,Morning Run,4.06,1,,False,10.3,2025-02-15T08:32:08Z,10301.7,3789,152.0,13630977217,349.3,g22614253,,6.13,1323.4,511,-2.745796,53.2204,False,Run,79.6,170.0
156,96.0,3753,,8.028,0,VirtualRide,18,,2025-02-15,MyWhoosh - Zone 2 Endurance 30min,13.52,0,,False,30.13,2025-02-15T07:13:42Z,30130.7,3753,131.4,13630430677,154.4,b9840788,,,579.6,611,38.255497,26.851833,False,VirtualRide,86.6,145.0
186,127.0,3811,,7.909,0,VirtualRide,19,,2025-02-14,MyWhoosh - Endurance with 3 x 1min,16.14,0,,False,30.14,2025-02-14T07:17:17Z,30141.6,3811,136.1,13622970987,175.5,b9840788,,,668.9,477,3.217637,51.190753,False,VirtualRide,87.0,159.0
321,71.0,2628,,2.434,2,Run,22,,2025-02-13,Afternoon Run,3.78,0,,False,6.26,2025-02-13T17:06:05Z,6263.0,2573,139.6,13618647683,316.0,g22614267,,6.85,806.8,517,-2.745666,53.220376,False,Run,77.6,160.0
167,138.0,3783,,7.966,0,VirtualRide,18,,2025-02-13,MyWhoosh - Endurance 8's,15.22,0,,False,30.13,2025-02-13T06:58:11Z,30133.8,3783,129.8,13614611880,161.0,b9840788,,,609.2,791,56.152706,24.576094,False,VirtualRide,85.0,146.0
,0,333,,0.0,0,Workout,0,,2025-02-11,Evening Workout,0.0,0,,False,0.0,2025-02-11T20:04:06Z,0.0,333,59.1,13602527402,,,,,,,,,True,Workout,,74.0
316,66.0,2680,,2.421,0,Run,22,,2025-02-11,Afternoon Run,3.58,0,,False,6.21,2025-02-11T17:05:58Z,6207.5,2564,131.7,13601181937,303.3,g22614267,,6.88,767.6,552,-2.745697,53.220383,False,Run,75.0,165.0
166,258.0,3734,,6.76,0,VirtualRide,18,,2025-02-11,MyWhoosh - Phosphate 6,23.26,0,,False,25.24,2025-02-11T07:41:43Z,25242.7,3734,128.6,13597018031,157.1,b9840788,,,586.7,449,146.715492,-19.253488,False,VirtualRide,84.3,153.0
154,200.0,4208,,7.493,0,VirtualRide,20,,2025-02-10,MyWhoosh - Zone 2 Endurance 30min,16.26,0,,False,31.53,2025-02-10T05:35:18Z,31532.3,4208,124.5,13587910004,151.4,b9840788,,,636.9,258,52.20635,23.388672,False,VirtualRide,83.7,141.0
335,89.0,3613,,2.564,1,Run,26,,2025-02-08,Morning Run,3.82,0,,False,9.25,2025-02-08T10:35:19Z,9246.7,3607,145.5,13571562485,330.3,,,6.5,1191.8,529,-2.745769,53.220407,False,Run,78.1,161.0
193,640.0,4824,,4.833,0,VirtualRide,21,,2025-02-05,MyWhoosh - MyWhoosh Threshold,21.4,0,,False,23.31,2025-02-05T07:55:34Z,23312.8,4824,137.4,13544505759,161.5,b9840788,,,779.0,468,-70.979195,25.014507,False,VirtualRide,79.0,174.0
189,200.0,3659,,8.359,0,VirtualRide,25,,2025-02-03,MyWhoosh -Free-ride volume,15.54,0,,False,30.59,2025-02-03T05:17:56Z,30587.1,3659,133.6,13525239709,181.9,b9840788,,,665.7,457,52.206366,23.388661,False,VirtualRide,82.5,151.0
163,309.0,7204,,7.534,5,VirtualRide,25,,2025-02-02,MyWhoosh - Aerobic 15's #1,15.66,2,,False,54.28,2025-02-02T08:34:36Z,54275.6,7204,125.6,13517102622,156.4,b9840788,,,1127.0,462,54.978209,23.402646,False,VirtualRide,82.9,142.0
131,52.0,3619,,7.537,0,VirtualRide,18,,2025-01-31,MyWhoosh - Active Recovery,10.48,0,,False,27.27,2025-01-31T06:25:00Z,27274.9,3619,124.1,13498813397,128.3,b9840788,,,464.5,213,55.300198,24.814199,False,VirtualRide,84.6,137.0
337,61.0,2015,,2.492,3,Run,23,,2025-01-30,First run of the year good - Z2,3.4,0,,False,5.02,2025-01-30T19:18:50Z,5022.0,2015,141.8,13495552716,328.0,,,6.69,660.5,516,-2.746534,53.222228,False,Run,77.6,157.0
205,424.0,6069,,7.59,0,VirtualRide,22,,2025-01-30,MyWhoosh - Threshold 20,21.44,0,,False,46.07,2025-01-30T06:00:51Z,46065.8,6069,144.0,13490275823,185.5,b9840788,,,1126.0,652,3.498533,50.761219,False,VirtualRide,84.8,174.0
182,228.0,3921,,7.687,0,VirtualRide,15,,2025-01-28,MyWhoosh - Anaerobic Capacity #3,15.18,0,,False,30.14,2025-01-28T06:12:16Z,30140.0,3921,132.5,13471886600,162.7,b9840788,,,637.9,316,146.495347,-19.361645,False,VirtualRide,85.2,163.0
168,127.0,4185,,7.231,0,VirtualRide,21,,2025-01-27,MyWhoosh - Endurance #6,16.2,0,,False,30.26,2025-01-27T05:27:07Z,30263.0,4185,127.3,13463250660,151.1,b9840788,,,632.6,1001,3.21765,51.190732,False,VirtualRide,85.4,166.0
186,37.0,3640,,8.523,0,VirtualRide,22,,2025-01-26,MyWhoosh - Sub Threshold CX 2min,14.18,0,,False,31.02,2025-01-26T16:19:06Z,31022.0,3640,138.3,13459754463,173.3,b9840788,,,630.6,472,54.987023,23.358186,False,VirtualRide,87.8,155.0
155,516.0,6432,,5.945,0,VirtualRide,25,,2025-01-25,MyWhoosh - Zone 2 Endurance 40min,22.02,0,,False,38.24,2025-01-25T08:20:24Z,38237.4,6432,128.9,13446151654,148.3,b9840788,,,953.6,379,37.751553,26.584232,False,VirtualRide,86.7,156.0
186,321.0,4408,,7.062,0,VirtualRide,24,,2025-01-24,MyWhoosh - Threshold 15,20.58,0,,False,31.13,2025-01-24T06:45:32Z,31129.1,4408,141.5,13437716959,173.5,b9840788,,,764.9,443,5.008095,50.18788,False,VirtualRide,88.8,166.0
168,222.0,5508,,7.816,0,VirtualRide,21,,2025-01-23,MyWhoosh - Anaerobic Capacity #2,15.02,0,,False,43.05,2025-01-23T06:10:21Z,43052.1,5508,131.0,13429278182,155.3,b9840788,,,855.2,492,56.152695,24.576105,False,VirtualRide,86.7,157.0
153,53.0,3936,,7.707,0,VirtualRide,23,,2025-01-21,MyWhoosh - Zone 2 Endurance 40min,14.64,0,,False,30.33,2025-01-21T06:34:35Z,30332.8,3936,123.8,13411477426,139.5,b9840788,,,549.3,500,54.987034,23.358189,False,VirtualRide,86.2,161.0
177,57.0,3808,,8.168,0,VirtualRide,24,,2025-01-20,MyWhoosh - Endurance #5,13.22,0,,False,31.11,2025-01-20T06:32:35Z,31105.3,3808,135.1,13402896356,158.6,b9840788,,,603.9,928,54.621255,24.052224,False,VirtualRide,89.4,172.0
186,889.0,9013,,6.745,0,VirtualRide,21,,2025-01-18,MyWhoosh - Sweet Spot 15,20.54,0,,False,60.8,2025-01-18T09:31:43Z,60796.9,9013,137.8,13386583970,174.3,b9840788,,,1570.6,530,-123.661551,39.003973,False,VirtualRide,81.9,161.0
,0,333,,0.0,0,Workout,6,,2025-01-16,Night Workout,0.0,0,,False,0.0,2025-01-16T21:16:32Z,0.0,333,59.2,13375906152,,,,,,,,,True,Workout,,68.0
177,145.0,4356,,7.806,0,VirtualRide,18,,2025-01-16,MyWhoosh - TT Power #2,17.72,0,,False,34.0,2025-01-16T06:52:28Z,34004.8,4356,136.8,13368098860,168.3,b9840788,,,733.2,283,3.498539,50.761224,False,VirtualRide,77.5,157.0
152,100.0,4298,,7.922,0,VirtualRide,22,,2025-01-15,MyWhoosh - Endurance 12's #2,13.54,0,,False,34.05,2025-01-15T08:13:18Z,34049.6,4298,130.9,13359565128,148.0,b9840788,,,636.1,244,-72.806262,4.57344,False,VirtualRide,84.7,149.0
167,285.0,4357,,6.919,0,VirtualRide,25,,2025-01-14,MyWhoosh - Endurance #4,23.2,0,,False,30.14,2025-01-14T04:48:01Z,30144.5,4357,127.7,13349310448,156.8,b9840788,,,683.1,754,146.715471,-19.253494,False,VirtualRide,81.9,162.0
174,411.0,3795,,5.318,0,VirtualRide,25,,2025-01-12,MyWhoosh - Lactate Tolerance #2,22.76,0,,False,20.18,2025-01-12T08:53:09Z,20180.3,3795,132.6,13331719946,154.8,b9840788,,,587.6,330,37.751553,26.584232,False,VirtualRide,86.0,158.0
169,138.0,3617,,7.464,0,VirtualRide,23,,2025-01-10,MyWhoosh - TT Speed #4,17.74,0,,False,27.0,2025-01-10T07:16:44Z,26996.2,3617,137.6,13314202123,158.4,b9840788,,,573.1,245,3.498522,50.761213,False,VirtualRide,84.6,156.0
138,132.0,3730,,7.368,0,VirtualRide,21,,2025-01-09,MyWhoosh - Zone 2 Endurance 40min,15.3,0,,False,27.48,2025-01-09T06:59:04Z,27483.4,3730,126.0,13305590884,135.9,b9840788,,,507.0,203,56.152722,24.576083,False,VirtualRide,83.7,141.0
177,99.0,3857,,8.311,0,VirtualRide,19,,2025-01-08,MyWhoosh - Threshold Power #1,13.28,0,,False,32.06,2025-01-08T06:31:18Z,32056.6,3857,143.2,13296811162,166.8,b9840788,,,643.3,261,-72.806236,4.573426,False,VirtualRide,86.4,164.0
151,258.0,3790,,6.43,0,VirtualRide,21,,2025-01-07,MyWhoosh - Endurance 12's #1,23.26,0,,False,24.37,2025-01-07T06:31:44Z,24369.8,3790,124.8,13287528584,145.3,b9840788,,,550.5,230,146.715492,-19.253489,False,VirtualRide,82.6,140.0
171,54.0,3755,,8.096,0,VirtualRide,17,,2025-01-06,MyWhoosh - Lactate Tolerance #1,12.52,0,,False,30.4,2025-01-06T17:06:34Z,30401.2,3755,128.6,13283063719,154.7,b9840788,,,581.0,1080,54.62125,24.052181,False,VirtualRide,80.8,156.0
169,158.0,3855,,7.79,0,VirtualRide,20,,2025-01-04,MyWhoosh - TT Speed #3,17.0,0,,False,30.03,2025-01-04T06:27:40Z,30030.4,3855,133.8,13260805751,159.2,b9840788,,,613.8,267,-121.75802,37.414281,False,VirtualRide,86.7,158.0
138,132.0,3655,,7.391,0,VirtualRide,15,,2025-01-02,MyWhoosh - Zone 2 Endurance 30min,15.26,0,,False,27.01,2025-01-02T05:46:49Z,27012.8,3655,126.8,13243571875,136.8,b9840788,,,500.1,195,56.152695,24.576102,False,VirtualRide,85.5,140.0
166,201.0,3921,,7.161,0,VirtualRide,15,,2025-01-01,MyWhoosh - Lactate Threshold #2,15.86,0,,False,28.08,2025-01-01T11:19:14Z,28080.0,3921,133.3,13237780108,154.2,b9840788,,,604.5,369,54.978225,23.402679,False,VirtualRide,87.0,151.0
,0,334,,0.0,0,Workout,0,,2024-12-29,Lunch Workout,0.0,0,,False,0.0,2024-12-29T11:56:00Z,0.0,334,64.6,13215152773,,,,,,,,,True,Workout,,81.0
131,135.0,2929,,6.856,0,VirtualRide,19,,2024-12-29,MyWhoosh - Active Recovery,14.94,0,,False,20.08,2024-12-29T08:55:37Z,20079.9,2929,121.6,13213775827,126.8,b9840788,,,371.4,197,37.711502,26.735635,False,VirtualRide,82.7,135.0
200,496.0,3646,,5.794,0,VirtualRide,20,,2024-12-28,MyWhoosh - Free-ride volume,22.9,0,,False,21.12,2024-12-28T08:59:49Z,21124.0,3646,143.4,13206250310,183.3,b9840788,,,668.3,517,148.737491,-20.999937,False,VirtualRide,82.0,168.0
162,139.0,4214,,7.2,0,VirtualRide,24,,2024-12-27,MyWhoosh - Pure Strength #2,17.86,0,,False,30.34,2024-12-27T09:06:12Z,30341.4,4214,129.4,13199066018,148.9,b9840788,,,627.7,1109,3.498525,50.761219,False,VirtualRide,72.3,159.0
161,58.0,4205,,8.104,0,VirtualRide,19,,2024-12-24,MyWhoosh - TT Speed #2,10.88,0,,False,34.08,2024-12-24T09:04:52Z,34077.1,4205,133.3,13179788527,151.6,b9840788,,,637.3,226,54.62125,24.052213,False,VirtualRide,80.2,154.0
138,109.0,3553,,7.491,0,VirtualRide,14,,2024-12-23,MyWhoosh - Zone 2 Endurance 30min,13.12,0,,False,26.62,2024-12-23T08:28:30Z,26617.0,3553,124.1,13172871882,136.7,b9840788,,,485.9,223,55.276626,25.080921,False,VirtualRide,73.0,139.0
158,255.0,3672,,6.291,0,VirtualRide,16,,2024-12-22,MyWhoosh - Lactate Threshold #1,23.38,0,,False,23.1,2024-12-22T09:12:59Z,23099.5,3672,131.4,13166578832,147.2,b9840788,,,540.4,421,146.715503,-19.253474,False,VirtualRide,75.7,157.0
156,96.0,3789,,7.956,0,VirtualRide,22,,2024-12-15,MyWhoosh - Free-ride volume,12.88,0,,False,30.14,2024-12-15T09:26:40Z,30144.5,3789,130.9,13119321885,146.9,b9840788,,,556.6,1057,38.255475,26.851822,False,VirtualRide,84.9,167.0
151,54.0,3801,,7.898,0,VirtualRide,20,,2024-12-14,MyWhoosh - Pure Strength #1,10.88,0,,False,30.02,2024-12-14T10:02:23Z,30019.3,3801,132.7,13112570824,144.5,b9840788,,,549.4,425,54.621255,24.052221,False,VirtualRide,81.1,153.0
150,51.0,3612,,7.941,0,VirtualRide,19,,2024-12-12,MyWhoosh - Endurance #1,11.34,0,,False,28.68,2024-12-12T08:10:38Z,28681.6,3612,140.0,13098450594,145.2,b9840788,,,524.5,340,54.62125,24.052194,False,VirtualRide,85.3,154.0
160,458.0,3905,,3.608,0,VirtualRide,20,,2024-12-11,MyWhoosh - TT Speed #1,15.44,0,,False,14.09,2024-12-11T12:36:45Z,14087.9,3905,141.7,13092998091,151.3,b9840788,,,590.9,248,148.737502,-20.999971,False,VirtualRide,82.7,160.0
140,138.0,3617,,6.917,0,VirtualRide,18,,2024-12-10,MyWhoosh - Zone 2 Endurance 30min,17.52,0,,False,25.02,2024-12-10T22:17:34Z,25020.0,3617,134.9,13089468382,138.4,b9840788,,,500.8,264,3.498527,50.761219,False,VirtualRide,81.1,149.0
131,133.0,2894,,6.625,0,VirtualRide,24,,2024-12-08,MyWhoosh - Active Recovery,15.48,0,,False,19.17,2024-12-08T09:06:49Z,19172.6,2894,127.5,13070475394,127.0,b9840788,,,367.5,235,146.495336,-19.361655,False,VirtualRide,82.7,146.0
154,47.0,3023,,7.827,0,VirtualRide,22,,2024-12-07,MyWhoosh - Endurance with 3 x 1min,11.12,0,,False,23.66,2024-12-07T10:27:55Z,23661.1,3023,138.3,13064432688,143.7,b9840788,,,434.5,355,54.62125,24.052202,False,VirtualRide,85.1,169.0
158,74.0,1951,,7.709,0,VirtualRide,19,,2024-12-06,MyWhoosh - Free-ride volume,13.18,0,,False,15.04,2024-12-06T05:50:24Z,15040.3,1951,,13056635643,154.3,b9840788,,,301.1,351,-121.75802,37.414281,False,VirtualRide,60.2,
141,46.0,3292,,7.645,0,VirtualRide,18,,2024-12-05,MyWhoosh - Endurance 8's,10.9,0,,False,25.17,2024-12-05T05:46:39Z,25166.9,3292,134.6,13050100624,133.8,b9840788,,,440.4,248,55.300208,24.814202,False,VirtualRide,83.1,154.0
156,148.0,3683,,7.085,0,VirtualRide,24,,2024-12-03,MyWhoosh - Phosphate 6,16.82,0,,False,26.09,2024-12-03T21:32:06Z,26093.2,3683,137.3,13041148939,137.0,b9840788,,,504.5,1160,-121.75802,37.414281,False,VirtualRide,87.6,172.0
133,52.0,3608,,7.584,0,VirtualRide,21,,2024-12-02,MyWhoosh - Zone 2 Endurance 30min,12.36,0,,False,27.36,2024-12-02T06:28:56Z,27361.9,3608,130.0,13028253769,130.7,b9840788,,,471.7,943,55.30023,24.814205,False,VirtualRide,83.1,148.0
150,201.0,3134,,6.664,0,VirtualRide,20,,2024-12-01,MyWhoosh - Power Reps #1,23.84,0,,False,20.35,2024-12-01T11:13:51Z,20350.4,3054,137.0,13022683268,142.6,b9840788,,,435.5,635,146.715492,-19.253489,False,VirtualRide,75.2,158.0
153,248.0,3668,,5.853,0,VirtualRide,22,,2024-11-29,MyWhoosh - Low Cadence Steps #1,17.36,0,,False,21.47,2024-11-29T06:00:47Z,21468.4,3668,138.3,13006933640,145.8,b9840788,,,535.0,301,5.008105,50.18788,False,VirtualRide,71.7,156.0
128,90.0,2601,,6.971,0,VirtualRide,22,,2024-11-25,MyWhoosh - Cadence Changers #1,15.02,0,,False,18.13,2024-11-25T05:32:14Z,18130.4,2601,142.7,12977500017,124.6,b9840788,,,324.0,230,56.1527,24.5761,False,VirtualRide,88.3,161.0
158,136.0,1839,,5.313,0,VirtualRide,21,,2024-11-23,MyWhoosh - 30/15's #2,17.66,0,,False,9.77,2024-11-23T12:26:09Z,9770.2,1839,148.6,12964729994,145.3,b9840788,,,267.3,308,5.008068,50.187907,False,VirtualRide,86.4,176.0
168,25.0,1728,,7.502,0,VirtualRide,15,,2024-11-14,MyWhoosh - Ramp Test - Ouch time to train again,12.14,0,,False,12.96,2024-11-14T12:12:39Z,12964.3,1728,139.1,12898581491,138.6,b9840788,,,239.5,348,54.62125,24.052192,False,VirtualRide,75.1,182.0
,68.1,1930,,2.703,0,Run,23,,2024-11-13,Afternoon Run,6.34,0,,False,5.03,2024-11-13T15:34:32Z,5025.2,1859,151.2,12892313274,,,,6.17,,,-2.745622,53.220361,False,Run,79.0,172.0
,50.0,3015,,2.723,3,Run,21,,2024-09-24,Evening Run,4.819,1,,False,8.17,2024-09-24T18:53:16Z,8171.9,3001,158.4,12494695745,,,,6.12,,,-2.5796767976135015,53.26242869719863,False,Run,79.6,173.0
,25.0,1905,,2.702,0,Run,20,,2024-09-22,Morning Run,4.545,0,,False,5.1,2024-09-22T09:11:05Z,5101.6,1888,147.1,12473026979,,,,6.17,,,-2.5805532094091177,53.262449987232685,False,Run,78.4,162.0
,31.0,2103,,2.545,0,Run,17,,2024-09-18,Evening Run,4.555,0,,False,5.14,2024-09-18T18:55:23Z,5137.9,2019,142.4,12444369906,,,,6.55,,,-2.580232685431838,53.262126948684454,False,Run,76.4,173.0
,34.0,2651,,2.732,1,Run,23,,2024-09-16,Evening Run - with the pups,3.697,0,,False,7.05,2024-09-16T18:37:05Z,7053.1,2582,157.2,12426603396,,,,6.1,,,-2.579822726547718,53.26232576742768,False,Run,79.2,176.0
,30.0,1811,,2.856,1,Run,17,,2024-09-14,Morning Run,3.69,0,,False,5.02,2024-09-14T08:28:47Z,5020.9,1758,161.1,12404862852,,,,5.84,,,-2.579713426530361,53.26254000887275,False,Run,80.0,181.0
,296.0,14377,,0.951,0,Golf,9,,2024-09-06,Afternoon Golf,3.016,0,,False,9.96,2024-09-06T14:44:12Z,9961.9,10479,106.4,12342806153,,,,,,,-3.120966609567404,53.200916927307844,False,Golf,,153.0
,30.0,4470,,2.285,0,Run,24,,2024-09-03,Night Run,5.48,0,,False,10.11,2024-09-03T21:57:23Z,10114.5,4426,152.3,12318858992,,,,7.29,,,-4.399572545662522,36.72276643104851,False,Run,76.2,173.0
,118.0,7225,,2.186,0,Run,24,,2024-08-31,Morning Run - Ons was mos in Spanje,3.513,0,,False,15.01,2024-08-31T06:50:19Z,15014.7,6870,147.5,12286245290,,g22614267,,7.62,,,-5.805951459333301,36.748381443321705,False,Run,76.6,166.0
,18.0,2286,,2.373,0,Run,19,,2024-08-28,Morning Run,3.964,0,,False,5.17,2024-08-28T08:19:52Z,5165.2,2177,150.3,12261644818,,,,7.02,,,-5.9883839171379805,37.38558906130493,False,Run,77.6,170.0
,38.0,2637,,2.376,0,Run,19,,2024-08-26,Morning Run,3.431,0,,False,6.22,2024-08-26T10:48:03Z,6222.5,2619,146.8,12245179777,,,,7.01,,,-2.5798711739480495,53.262200290337205,False,Run,76.9,162.0
165,116.0,1950,,7.757,0,VirtualRide,18,,2024-08-26,MyWhoosh - Medellin City,16.384,0,,False,15.13,2024-08-26T09:45:43Z,15125.8,1950,146.7,12244771541,157.8,b9840788,,,307.7,914,-75.54009318351746,6.244979202747345,False,VirtualRide,82.6,177.0
,35.0,1962,,2.782,1,Run,12,,2024-08-23,Evening Run,4.342,0,,False,5.36,2024-08-23T19:38:17Z,5363.1,1928,159.6,12224250700,,,,5.99,,,-2.5796108320355415,53.2623836863786,False,Run,78.8,182.0
,24.0,1858,,2.788,1,Run,17,,2024-08-20,Evening Run,3.872,1,,False,5.05,2024-08-20T20:04:42Z,5049.1,1811,164.4,12199088258,,,,5.98,,,-2.57970311678946,53.26245417818427,False,Run,78.2,182.0
,28.0,2077,,2.42,0,Run,16,,2024-08-18,Afternoon Run,4.008,0,,False,4.81,2024-08-18T16:19:39Z,4809.1,1987,153.0,12180659928,,,,6.89,,,-2.579724406823516,53.262353176251054,False,Run,74.9,169.0
,215.0,14385,,0.969,0,Golf,17,,2024-08-18,Morning Golf,1.857,0,,False,9.78,2024-08-18T07:54:45Z,9776.4,10085,109.8,12179973940,,,,,,,-0.8193841762840748,52.27630306966603,False,Golf,,157.0
,0.0,136,,0.643,0,Golf,10,,2024-08-18,Morning Golf,1.06,0,,False,0.03,2024-08-18T07:51:14Z,33.4,52,103.5,12176044602,,,,,,,,,False,Golf,,115.0
,23.0,2130,,2.506,0,Run,19,,2024-08-10,Morning Run,3.556,0,,False,5.31,2024-08-10T09:14:51Z,5310.0,2119,157.4,12108889545,,,,6.65,,,-2.5802422408014536,53.2621902320534,False,Run,76.5,170.0
,24.0,1959,,2.694,0,Run,16,,2024-08-07,Evening Run,3.568,0,,False,5.03,2024-08-07T18:52:27Z,5027.3,1866,151.4,12088839557,,,,6.19,,,-2.5799483712762594,53.26230908744037,False,Run,77.1,182.0
,24.0,1994,,2.557,0,Run,19,,2024-08-05,Afternoon Run,3.387,0,,False,5.01,2024-08-05T17:27:01Z,5007.0,1958,157.5,12070983738,,,,6.52,,,-2.5798352994024754,53.26213767752051,False,Run,77.7,182.0
,27.0,1997,,2.582,0,Run,25,,2024-07-29,Being a couch potato is not good for fitness…,3.552,0,,False,5.02,2024-07-29T19:07:26Z,5024.0,1946,167.8,12012451846,,,,6.45,,,-2.5796736124902964,53.26243649236858,False,Run,75.8,183.0
,36.0,2273,,2.434,0,Run,15,,2024-04-23,Afternoon Run,4.345,0,,False,5.01,2024-04-23T17:45:42Z,5013.3,2060,150.6,11247692097,,,,6.85,,,-2.579903192818165,53.26238997280598,False,Run,76.3,182.0
168,181.0,2963,,8.18,1,VirtualRide,20,,2024-04-14,Zwift - Foundation in Watopia,16.124,0,,False,24.24,2024-04-14T08:42:48Z,24238.8,2963,152.0,11177538594,160.9,b9840788,,,476.6,590,166.97225332260132,-11.636708825826645,False,VirtualRide,81.5,175.0
,58.0,3182,,0.899,0,Golf,15,,2024-03-22,Afternoon Golf,1.748,0,,False,1.97,2024-03-22T17:11:40Z,1966.4,2187,100.9,11016024247,,,,,,,-2.5472783111035824,53.25530952773988,False,Golf,,142.0
,36.0,2186,,2.399,0,Run,18,,2024-03-19,Evening Run,3.518,0,,False,5.02,2024-03-19T18:30:38Z,5019.5,2092,143.6,10995225950,,,,6.95,,,-2.5800426676869392,53.26247898861766,False,Run,77.3,169.0
181,220.0,2477,,8.107,0,VirtualRide,24,,2024-03-18,Zwift - Morning Ride in Watopia,15.234,0,,False,20.08,2024-03-18T05:55:37Z,20081.8,2477,152.5,10983788004,173.9,b9840788,,,430.8,269,166.97341203689575,-11.635273844003677,False,VirtualRide,83.9,171.0
176,64.0,1987,,8.507,0,VirtualRide,24,,2024-02-19,Zwift - Alpha in Watopia,13.25,0,,False,16.9,2024-02-19T06:45:13Z,16902.9,1987,144.8,10791638052,158.1,b9840788,,,314.1,502,166.98227405548096,-11.639203280210495,False,VirtualRide,87.9,176.0
159,141.0,1834,,6.872,8,VirtualRide,19,,2024-02-13,Zwift - Just Zone 2 in Richmond,18.304,6,,False,12.6,2024-02-13T06:36:13Z,12603.2,1834,135.5,10751431966,152.7,b9840788,,,280.0,326,-77.4338561296463,37.5409135222435,False,VirtualRide,79.3,154.0
184,131.0,2130,,8.454,0,VirtualRide,28,,2024-02-12,Zwift - Pacer Group Ride: Island Hopper in Makuri Islands with Maria,16.87,0,,False,18.01,2024-02-12T06:36:58Z,18007.1,2130,146.0,10745037698,174.5,b9840788,,,371.6,559,165.80121159553528,-10.803051441907883,False,VirtualRide,82.3,164.0
,0,2119,,0.0,0,WeightTraining,19,,2024-02-06,Morning Weight Training,0.0,0,,False,0.0,2024-02-06T05:40:42Z,0.0,2119,76.6,10706767858,,,,,,,,,True,WeightTraining,,94.0
,0,1821,,3.054,0,Run,20,,2024-02-05,Morning Run,6.256,0,,False,5.56,2024-02-05T06:01:24Z,5561.8,1821,133.7,10700230171,,,,5.46,,,,,True,Run,71.1,159.0
,0,1813,,3.531,0,Run,21,,2024-02-04,Morning Run,4.292,0,,False,6.4,2024-02-04T07:45:38Z,6397.3,1812,138.0,10694642631,,,,4.72,,,,,True,Run,74.7,149.0
,20.7,2089,,2.419,0,Run,28,,2024-01-23,First Family run for the year,3.01,0,,False,5.04,2024-01-23T18:38:26Z,5038.7,2083,159.1,10615556928,,,,6.89,,,-2.5798593554645777,53.26242475770414,False,Run,76.6,183.0
178,75.0,1892,,9.191,0,VirtualRide,24,,2024-01-21,Zwift - Triple Flat Loops in Watopia Free Ride,14.55,0,,False,17.39,2024-01-21T12:06:36Z,17388.5,1892,152.1,10600872347,168.3,b9840788,,,318.4,461,166.97613716125488,-11.639425903558731,False,VirtualRide,84.3,174.0
164,130.0,2218,,9.132,0,VirtualRide,29,,2023-12-31,Zwift - Easy Coastal in Makuri Islands - After a long holiday,15.97,0,,False,20.26,2023-12-31T09:36:37Z,20255.4,2218,138.2,10466493772,156.4,b9840788,,,346.9,429,165.83572626113892,-10.772981867194176,False,VirtualRide,82.4,159.0
,35.0,2024,,2.573,0,Run,25,,2023-10-31,Afternoon Run,4.402,0,,False,5.02,2023-10-31T16:42:54Z,5017.3,1950,148.2,10137298384,,,,6.48,,,-2.57987804710865,53.262321995571256,False,Run,77.3,167.0
,167.0,3829,,2.188,0,Run,27,,2023-10-15,Afternoon Run,3.848,0,,False,7.73,2023-10-15T13:38:36Z,7726.6,3532,153.6,10043518566,,,,7.62,,,-2.6902866549789906,53.213380901142955,False,Run,74.2,176.0
,22.0,2059,,2.526,0,Run,24,,2023-10-09,Afternoon Run,4.187,0,,False,5.06,2023-10-09T16:55:23Z,5057.8,2002,145.7,10007083420,,,,6.6,,,-2.5798343773931265,53.26224588789046,False,Run,76.0,172.0
193,254.0,4055,,8.354,2,VirtualRide,20,,2023-10-02,Zwift - Tempo in Watopia,16.772,2,,False,33.87,2023-10-02T18:02:11Z,33874.2,4055,147.0,9963708336,183.1,b9840788,,,742.5,411,166.9495940208435,-11.636951565742493,False,VirtualRide,83.3,169.0
,36.0,2213,,2.597,0,Run,23,,2023-09-20,Evening Run,3.68,0,,False,5.34,2023-09-20T18:21:12Z,5335.2,2054,143.8,9887939580,,,,6.42,,,-2.579820714890957,53.262168020009995,False,Run,78.1,158.0
182,365.0,3863,,7.805,1,VirtualRide,25,,2023-09-19,Zwift - Foundation in Watopia,16.344,0,,False,30.15,2023-09-19T18:38:59Z,30152.6,3863,141.4,9881716179,175.5,b9840788,,,677.9,721,166.97348713874817,-11.635238975286484,False,VirtualRide,89.6,160.0
,37.0,1882,,2.748,3,Run,27,,2023-09-18,Evening Run,4.432,2,,False,5.03,2023-09-18T18:51:18Z,5028.0,1830,145.8,9875088244,,,,6.07,,,-2.5799067970365286,53.26216910965741,False,Run,79.3,184.0
,25.0,2149,,2.468,0,Run,29,,2023-09-16,Morning Run Z2 with the dogs,4.072,0,,False,5.14,2023-09-16T09:24:33Z,5144.2,2084,142.2,9858526577,,,,6.75,,,-2.5796123407781124,53.262323923408985,False,Run,78.6,154.0
,174.0,7846,,1.384,0,Walk,19,,2023-09-15,Afternoon Walk,17.132,0,,False,10.57,2023-09-15T17:31:05Z,10574.6,7643,,9855784207,,,,12.04,,,-2.6905882358551025,53.21486818604171,False,Walk,,
,28.0,2468,,2.478,0,Run,22,,2023-09-11,Z2 Run,3.176,0,,False,6.02,2023-09-11T18:04:06Z,6016.9,2428,136.2,9829355616,,,,6.73,,,-2.5803906843066216,53.262298023328185,False,Run,76.7,156.0
,22.0,2156,,2.447,0,Run,23,,2023-09-04,Evening Run,3.489,0,,False,5.24,2023-09-04T19:10:22Z,5235.1,2139,149.4,9783639348,,,,6.81,,,-2.5800363812595606,53.26236356981099,False,Run,75.5,170.0
,34.0,2429,,2.394,0,Run,19,,2023-09-03,Morning Run,4.134,0,,False,5.68,2023-09-03T09:35:24Z,5678.8,2372,142.3,9773337884,,,,6.96,,,-2.5798479560762644,53.26244571246207,False,Run,76.6,161.0
,65.0,4414,,1.204,0,Walk,17,,2023-09-02,Lunch Walk,2.364,0,,False,5.06,2023-09-02T12:27:17Z,5060.0,4202,90.7,9768008729,,,,13.84,,,-2.3074335046112537,53.183846678584814,False,Walk,53.8,119.0
,384.0,12427,,0.982,0,Hike,28,,2023-08-28,Morning Hike,1.837,0,,False,10.01,2023-08-28T10:42:44Z,10012.1,10198,104.0,9736800366,,,,16.97,,,-2.004042472690344,53.192259427160025,False,Hike,51.3,154.0
190,2882.0,33878,,5.572,0,Ride,51,,2023-08-27,Wild wales,16.35,0,,False,151.72,2023-08-27T08:18:47Z,151721.0,27230,147.4,9732121090,151.2,b9840788,,,4121.1,978,-3.593704691156745,52.90452562272549,False,Ride,72.8,183.0
173,237.0,3540,,6.225,0,VirtualRide,22,,2023-08-22,Zwift - Foundation in Watopia,19.702,0,,False,22.04,2023-08-22T07:16:08Z,22037.7,3540,138.1,9696391628,165.9,b9840788,,,587.2,321,166.9495725631714,-11.637003868818283,False,VirtualRide,87.8,155.0
193,694.0,5483,,6.101,3,VirtualRide,21,,2023-08-21,Zwift - Tempo in Watopia,25.94,1,,False,33.45,2023-08-21T20:31:37Z,33450.6,5483,146.9,9694332664,179.0,b9840788,,,981.6,687,166.9476842880249,-11.639813482761383,False,VirtualRide,85.9,171.0
,40.0,3513,,1.417,0,Walk,17,,2023-08-20,Evening Walk,2.662,0,,False,4.57,2023-08-20T18:45:30Z,4570.5,3226,85.9,9687781322,,,,11.76,,,-2.5817004404962063,53.26156578026712,False,Walk,58.4,124.0
170,386.0,3623,,6.664,4,VirtualRide,28,,2023-08-16,Zwift - Foundation in New York,19.58,1,,False,24.14,2023-08-16T05:34:56Z,24144.1,3623,136.6,9656969245,163.7,b9840788,,,593.0,260,-73.95712316036224,40.78966677188873,False,VirtualRide,82.7,155.0
182,402.0,3656,,6.845,5,VirtualRide,30,,2023-08-15,Zwift - Foundation in New York,21.58,3,,False,25.02,2023-08-15T18:50:24Z,25023.6,3656,139.6,9654636666,172.3,b9840788,,,630.0,465,-73.96720290184021,40.775917768478394,False,VirtualRide,88.3,166.0
174,409.0,3764,,6.654,6,VirtualRide,27,,2023-08-14,Zwift - Strength in New York,19.584,0,,False,25.05,2023-08-14T18:01:55Z,25046.3,3764,135.5,9647233598,165.4,b9840788,,,622.6,687,-73.95697832107544,40.78977406024933,False,VirtualRide,82.9,162.0
,108.0,5720,,1.631,0,Golf,23,,2023-08-12,Morning Golf,5.858,0,,False,6.91,2023-08-12T09:29:44Z,6910.7,4236,81.3,9631367880,,,,,,,-0.4466696921736002,51.51618842035532,False,Golf,,137.0
,71.0,3993,,1.211,0,Golf,0,,2023-08-12,Morning Golf,4.542,0,,False,3.56,2023-08-12T08:22:16Z,3560.5,2940,90.5,9630751539,,,,,,,-0.4377416241914034,51.51411951519549,False,Golf,,133.0
,83.0,6244,,1.151,0,Golf,0,,2023-08-12,Morning Golf,5.48,0,,False,4.93,2023-08-12T06:36:35Z,4931.0,4284,77.7,9630447183,,,,,,,-0.44309740886092186,51.51340420357883,False,Golf,,131.0
194,1076.0,6945,,4.617,23,VirtualRide,25,,2023-08-09,Zwift - Tempo in Watopia,22.52,10,,False,32.07,2023-08-09T16:55:52Z,32066.3,6945,144.3,9614837404,174.4,b9840788,,,1211.1,416,166.94650411605835,-11.664362400770187,False,VirtualRide,84.6,171.0
181,370.0,4007,,7.497,2,VirtualRide,26,,2023-08-03,Zwift - Strength in Watopia,17.384,1,,False,30.04,2023-08-03T05:38:05Z,30039.7,4007,134.2,9573063116,160.7,b9840788,,,644.0,732,166.95080637931824,-11.635827720165253,False,VirtualRide,85.4,179.0
,27.0,2048,,2.701,3,Run,19,,2023-08-01,Afternoon Run,3.722,0,,False,5.32,2023-08-01T17:50:40Z,5320.6,1970,153.9,9563600416,,,,6.17,,,-2.579740919172764,53.2623406033963,False,Run,77.4,181.0
192,277.0,4288,,7.091,5,VirtualRide,31,,2023-07-31,Zwift - Tempo in Watopia,20.282,0,,False,30.4,2023-07-31T05:42:14Z,30404.6,4288,144.9,9553775540,182.2,b9840788,,,781.4,343,166.94960474967957,-11.636938154697418,False,VirtualRide,82.7,166.0
,48.0,1841,,2.833,1,Run,24,,2023-07-24,Evening Run,4.38,1,,False,5.14,2023-07-24T18:56:34Z,5143.9,1816,152.2,9513883277,,,,5.88,,,-2.579810321331024,53.26237061060965,False,Run,79.0,178.0
,38.0,2030,,2.758,0,Run,21,,2023-07-23,Lunch Run,3.707,0,,False,5.43,2023-07-23T11:45:34Z,5427.1,1968,160.0,9505486556,,,,6.04,,,-2.5797268375754356,53.262373795732856,False,Run,78.8,181.0
,1.0,2892,,1.318,0,Rowing,24,,2023-07-19,Morning Row,2.324,0,,False,1.47,2023-07-19T10:34:15Z,1466.9,1113,87.2,9481181818,,,,,,,14.99167931266129,44.05632996931672,False,Rowing,,109.0
,54.0,3730,,3.363,0,Rowing,21,,2023-07-18,Morning Row,5.076,0,,False,11.67,2023-07-18T09:43:50Z,11671.2,3470,73.3,9474214667,,,,,,,15.194034464657307,43.921222323551774,False,Rowing,,103.0
,0.0,261,,0.444,0,Swim,20,,2023-07-15,Splashing about,0.589,0,,False,0.12,2023-07-15T11:57:52Z,115.9,261,,9454585587,,,,,,,14.81968492269516,44.15397712960839,False,Swim,0.0,
211,59.0,1930,,10.647,0,VirtualRide,34,,2023-07-05,Zwift - Pacer Group Ride: Tick Tock in Watopia with Coco,16.942,0,,False,20.55,2023-07-05T06:27:55Z,20548.9,1930,150.6,9391098226,199.0,b9840788,,,384.1,639,166.9910180568695,-11.64184257388115,False,VirtualRide,91.7,167.0
210,173.0,3219,,10.347,5,VirtualRide,26,,2023-07-04,Zwift - Pacer Group Ride: R.G.V. in France with Maria,15.558,4,,False,33.31,2023-07-04T06:06:25Z,33307.3,3219,139.6,9384521625,190.7,b9840788,,,614.0,960,166.15386843681335,-21.72792613506317,False,VirtualRide,83.0,183.0
193,228.0,3797,,8.082,1,VirtualRide,31,,2023-07-03,Zwift - Just Zone 2 in Makuri Islands,15.756,1,,False,30.53,2023-07-03T05:50:43Z,30534.9,3778,143.1,9378468168,185.3,b9840788,,,700.1,414,165.83774328231812,-10.781947150826454,False,VirtualRide,89.0,162.0
,40.0,2181,,2.562,0,Run,28,,2023-06-29,Evening Run,3.796,0,,False,4.31,2023-06-29T20:45:28Z,4309.5,1682,156.1,9359924146,,,,6.51,,,-83.48996062763035,42.4952155072242,False,Run,77.1,172.0
207,381.0,3212,,7.382,0,VirtualRide,29,,2023-06-20,Zwift - Tempo Accelerations in New York,19.648,0,,False,23.13,2023-06-20T06:00:12Z,23129.2,3133,139.5,9299011091,191.9,b9840788,,,601.2,546,-73.96915555000305,40.77388197183609,False,VirtualRide,85.3,171.0
,46.0,1985,,2.732,3,Run,23,,2023-06-18,Morning Run,3.877,0,,False,5.01,2023-06-18T10:15:56Z,5012.6,1835,147.7,9287511252,,,,6.1,,,-2.5797373987734318,53.26234119012952,False,Run,80.5,175.0
,135.0,2500,,2.387,0,Run,27,,2023-06-17,Trail Run with the family ,4.551,0,,False,5.53,2023-06-17T11:17:08Z,5533.0,2318,153.6,9281529863,,,,6.98,,,-2.690307442098856,53.21389697492123,False,Run,77.6,176.0
225,32.0,2048,,9.9,3,VirtualRide,20,,2023-06-15,Zwift - Wave Rider in Watopia,13.066,2,,False,20.28,2023-06-15T05:43:23Z,20275.1,2048,147.7,9268265688,210.1,b9840788,,,430.4,749,166.97230696678162,-11.63664847612381,False,VirtualRide,88.2,171.0
206,930.0,19925,,7.973,7,Ride,45,,2023-06-11,WVCC ride to Eccleshall,17.633,3,,False,120.95,2023-06-11T09:09:22Z,120955.0,15171,145.8,9245660579,169.8,b9840788,,,2586.9,1072,-2.5797387398779392,53.26236558146775,False,Ride,75.6,184.0
,60.0,3422,,2.593,0,Run,27,,2023-06-07,Evening Run,3.818,0,,False,8.44,2023-06-07T18:15:23Z,8435.5,3253,148.8,9221734457,,,,6.43,,,-2.5797006022185087,53.26230707578361,False,Run,78.7,171.0
207,1751.0,26242,,7.711,40,Ride,45,,2023-06-04,WVCC ride to Loggerheads via Horseshoe Pass ,16.541,19,,False,160.96,2023-06-04T09:14:30Z,160961.0,20873,145.5,9202150168,171.7,b9840788,,,3591.5,874,-2.579769417643547,53.26238050125539,False,Ride,77.6,182.0
,143.8,5258,,1.204,0,Walk,26,,2023-05-30,Evening Dog walk,2.737,0,,False,5.85,2023-05-30T19:25:17Z,5852.3,4860,,9171795052,,,,13.84,,,-2.6901854015886784,53.21322390809655,False,Walk,,
157,251.0,5138,,6.4,10,Ride,33,,2023-05-29,Morning Recovery Ride with the wife,15.308,0,,False,29.15,2023-05-29T10:19:28Z,29152.7,4555,,9161899447,128.4,b9840788,,,585.0,991,-2.579835131764412,53.262405898422,False,Ride,72.0,
183,1134.0,25527,,8.143,16,Ride,50,,2023-05-28,Great day out on the bike with WVCC,18.428,3,,False,164.62,2023-05-28T09:11:30Z,164625.0,20217,137.9,9157606915,149.6,b9840788,,,3061.1,987,-2.5800295919179916,53.262272542342544,False,Ride,77.6,175.0
218,648.0,15370,,8.891,53,Ride,47,,2023-05-27,Nice Morning training ride with WVCC,18.278,33,,False,102.97,2023-05-27T08:21:07Z,102973.0,11582,154.9,9149381555,191.0,b9840788,,,2216.0,1286,-2.580833751708269,53.26278819702566,False,Ride,78.7,180.0
205,108.0,3636,,8.845,0,VirtualRide,20,,2023-05-25,Zwift - Tempo To Sprints in Watopia,16.51,0,,False,32.16,2023-05-25T05:42:07Z,32161.9,3636,140.6,9135965629,183.5,b9840788,,,667.2,591,166.9716203212738,-11.637069582939148,False,VirtualRide,83.3,173.0
209,936.0,17937,,8.068,11,Ride,45,,2023-05-21,WVCC club run to Holt,18.862,9,,False,117.55,2023-05-21T09:05:48Z,117545.0,14569,148.1,9112846649,178.8,b9840788,,,2630.2,1037,-2.5813033897429705,53.261271407827735,False,Ride,80.9,176.0
,53.0,4266,,1.146,0,Walk,21,,2023-05-20,Afternoon Dog Walk,4.432,0,,False,4.71,2023-05-20T17:40:17Z,4708.4,4109,94.5,9108071993,,,,14.54,,,-2.5819202978163958,53.261340307071805,False,Walk,54.0,136.0
208,108.0,3662,,9.354,1,VirtualRide,24,,2023-05-19,Zwift - Step-Down Intervals in Watopia,14.77,0,,False,34.25,2023-05-19T05:42:46Z,34254.8,3662,143.6,9098219194,194.6,b9840788,,,712.6,413,166.97251081466675,-11.636161655187607,False,VirtualRide,84.7,171.0
186,97.0,3050,,8.249,2,VirtualRide,27,,2023-05-17,Zwift - Low-Cadence Intervals in Watopia,13.65,1,,False,25.16,2023-05-17T05:23:08Z,25159.7,3050,136.7,9085802889,172.4,b9840788,,,525.7,327,166.95242643356323,-11.635515242815018,False,VirtualRide,69.7,159.0
,45.0,2069,,2.637,2,Run,20,,2023-05-16,Evening Run,3.592,1,,False,5.01,2023-05-16T18:12:20Z,5008.2,1899,146.1,9083102184,,,,6.32,,,-2.579796491190791,53.26242735609412,False,Run,77.1,163.0
190,360.0,6122,,8.537,3,VirtualRide,27,,2023-05-16,Zwift - The Long Ride - Extended Tempo in Watopia,19.346,2,,False,52.26,2023-05-16T05:41:28Z,52262.0,6122,144.4,9079724461,183.2,b9840788,,,1121.6,301,166.97142720222473,-11.637112498283386,False,VirtualRide,85.4,161.0
,41.0,2864,,2.508,4,Run,24,,2023-05-15,Evening Run,4.57,1,,False,7.1,2023-05-15T18:43:54Z,7097.1,2830,144.1,9077276593,,,,6.65,,,-2.5799044501036406,53.262301879003644,False,Run,77.6,175.0
203,1122.0,7255,,4.838,0,VirtualRide,26,,2023-05-13,Zwift - The Long Ride - Spiked Base Progressive VO2 in Watopia,23.248,0,,False,35.01,2023-05-13T07:49:45Z,35005.4,7236,151.3,9061768392,196.3,b9840788,,,1420.6,444,166.94771647453308,-11.66430339217186,False,VirtualRide,83.6,167.0
209,58.0,4027,,9.453,6,VirtualRide,27,,2023-05-10,Zwift - Long Tempo Intervals in Watopia,13.964,3,,False,38.07,2023-05-10T05:26:57Z,38065.3,4027,147.1,9043776141,188.5,b9840788,,,759.3,792,166.97237133979797,-11.636582762002945,False,VirtualRide,83.4,176.0
196,209.0,3626,,5.924,3,VirtualRide,26,,2023-05-09,Zwift - Make A Break For It in Watopia,14.096,1,,False,21.48,2023-05-09T05:28:10Z,21481.1,3626,139.9,9037510023,179.8,b9840788,,,652.1,427,166.94262027740479,-11.668542623519897,False,VirtualRide,81.9,162.0
197,568.0,17109,,7.711,24,Ride,44,,2023-05-07,First Ride with WVCC,14.077,18,,False,90.9,2023-05-07T09:10:08Z,90896.7,11788,141.5,9027438289,165.1,b9840788,,,1953.5,1669,-2.5796108320355415,53.262250078842044,False,Ride,78.3,182.0
153,319.0,11031,,6.039,103,Ride,39,,2023-05-06,Morning Ride with the wife,13.652,3,,False,56.74,2023-05-06T08:36:05Z,56737.2,9395,126.0,9020060507,115.9,b9840788,,,1096.6,1097,-2.5797710940241814,53.262371364980936,False,Ride,70.8,176.0
,31.0,1664,,3.106,7,Run,21,,2023-05-03,Evening Run,4.684,3,,False,5.03,2023-05-03T18:08:58Z,5031.7,1620,163.3,9004251261,,,,5.37,,,-2.5798458606004715,53.26233632862568,False,Run,79.6,180.0
179,366.0,3938,,7.624,1,VirtualRide,26,,2023-05-03,Zwift - Introductory Intervals in Watopia,16.036,0,,False,30.02,2023-05-03T05:21:49Z,30024.4,3938,138.8,9000588494,164.2,b9840788,,,646.4,434,166.97341203689575,-11.635279208421707,False,VirtualRide,86.4,161.0
,31.0,2029,,2.556,2,Run,21,,2023-05-02,Evening Run,5.032,0,,False,5.05,2023-05-02T18:18:06Z,5050.9,1976,152.3,8997972206,,,,6.52,,,-2.58028750307858,53.262141197919846,False,Run,77.1,182.0
185,106.0,3652,,8.52,0,VirtualRide,28,,2023-05-02,Zwift - Welcome Workout in Watopia,15.67,0,,False,31.11,2023-05-02T05:25:54Z,31113.5,3652,138.1,8994403024,164.2,b9840788,,,599.8,599,166.97203874588013,-11.636888533830643,False,VirtualRide,85.5,166.0
183,718.0,5729,,6.051,3,VirtualRide,19,,2023-05-01,Zwift - The Long Ride - Spiked Base in Watopia,25.516,0,,False,34.67,2023-05-01T11:03:27Z,34667.5,5729,152.4,8989693373,174.3,b9840788,,,998.5,385,166.94905757904053,-11.637957394123077,False,VirtualRide,86.2,175.0
,156.6,6975,,1.122,0,Walk,6,,2023-04-29,Afternoon Walk,10.175,0,,False,5.84,2023-04-29T13:21:53Z,5844.7,5208,,8993051804,,,,14.85,,,-2.690253546461463,53.2131611276418,False,Walk,,
,42.0,2447,,2.341,0,Run,18,,2023-04-24,Evening Run,3.853,0,,False,5.4,2023-04-24T18:15:36Z,5396.9,2305,138.9,8949852976,,,,7.12,,,-2.579797161743045,53.262362061068416,False,Run,77.0,160.0
177,207.0,3618,,5.668,3,VirtualRide,22,,2023-04-24,Zwift - Sneaky in Watopia,14.28,0,,False,20.51,2023-04-24T05:29:51Z,20508.4,3618,143.7,8946643547,168.6,b9840788,,,609.9,313,166.9428026676178,-11.66806384921074,False,VirtualRide,79.7,170.0
,0,1835,,3.518,0,Run,17,,2023-04-19,Morning Run,5.28,0,,False,6.46,2023-04-19T06:20:50Z,6455.3,1835,131.6,8917955064,,,,4.74,,,,,True,Run,74.5,161.0
,0,1813,,3.926,0,Run,23,,2023-04-18,Morning Run,5.573,0,,False,7.12,2023-04-18T05:17:45Z,7118.0,1813,144.4,8911429504,,,,4.25,,,,,True,Run,76.7,159.0
,216.0,15563,,1.253,0,Golf,21,,2023-04-16,Afternoon Golf,5.612,0,,False,13.82,2023-04-16T14:31:19Z,13822.7,11030,89.7,8903104920,,,,,,,-2.800632733851671,53.0751861166209,False,Golf,,134.0
,3.0,241,,0.951,0,Golf,17,,2023-04-16,Afternoon Golf,4.315,0,,False,0.14,2023-04-16T14:24:18Z,139.8,147,97.2,8901205691,,,,,,,,,False,Golf,,124.0
193,594.0,8327,,8.121,12,VirtualRide,29,,2023-04-15,Zwift - Yellow Unicorn in France,18.044,5,,False,67.48,2023-04-15T09:50:30Z,67481.3,8309,151.9,8893831380,181.4,b9840788,,,1507.3,601,166.18066906929016,-21.73690617084503,False,VirtualRide,85.6,173.0
,40.0,1881,,2.835,3,Run,23,,2023-04-13,Evening Run,4.286,0,,False,5.04,2023-04-13T18:20:49Z,5040.9,1778,165.5,8885026263,,,,5.88,,,-2.5800160970538855,53.26212175190449,False,Run,78.2,181.0
,236.0,14700,,0.973,0,Golf,26,,2023-04-09,Easter Morning Golf,2.966,0,,False,10.2,2023-04-09T08:29:44Z,10196.7,10483,89.2,8859370402,,,,,,,-0.7772969640791416,50.7958578877151,False,Golf,,142.0
184,645.0,17760,,7.175,1,Ride,47,,2023-04-08,Morning Ride,15.794,0,,False,116.07,2023-04-08T06:27:29Z,116069.0,16176,150.0,8852608839,165.2,b9840788,,,2663.3,1181,-0.44933823868632317,50.81143448129296,False,Ride,80.9,176.0
201,471.0,5228,,7.683,8,VirtualRide,25,,2023-04-04,Zwift - Amalgam in Scotland,17.466,4,,False,40.17,2023-04-04T05:18:32Z,40167.9,5228,151.9,8828663340,185.7,b9840788,,,970.6,374,-5.21868959069252,55.63668072223663,False,VirtualRide,83.9,179.0
203,276.0,4306,,7.053,5,VirtualRide,31,,2023-03-29,Zwift - Ham Sandwich in Watopia,20.43,2,,False,30.37,2023-03-29T05:26:25Z,30371.0,4306,154.9,8795437832,187.0,b9840788,,,805.1,415,166.94905757904053,-11.637958735227585,False,VirtualRide,89.4,179.0
201,254.0,3689,,8.211,2,VirtualRide,27,,2023-03-27,Zwift - Novanta in Watopia,18.942,2,,False,30.13,2023-03-27T05:19:49Z,30127.2,3669,147.7,8784172042,188.0,b9840788,,,689.7,403,166.95265173912048,-11.635668128728867,False,VirtualRide,86.4,170.0
,99.0,5411,,1.071,0,Walk,30,,2023-03-12,Lunch Walk,1.935,0,,False,5.56,2023-03-12T11:19:48Z,5563.9,5195,91.0,8702016364,,,,15.56,,,-2.3801019228994846,53.32868135534227,False,Walk,51.2,136.0
191,413.0,7228,,5.977,5,VirtualRide,28,,2023-03-10,Zwift - Halvfems in Watopia,14.014,3,,False,43.2,2023-03-10T09:11:26Z,43200.4,7228,141.7,8690286018,175.9,b9840788,,,1271.4,509,166.94310307502747,-11.66768029332161,False,VirtualRide,83.3,167.0
199,366.0,5425,,7.827,2,VirtualRide,28,,2023-03-09,"Zwift - What Goes Up, Must Come Down in Makuri Islands",17.344,1,,False,42.46,2023-03-09T05:20:57Z,42460.9,5425,142.3,8684435187,187.5,b9840788,,,1017.3,744,165.83983540534973,-10.783231928944588,False,VirtualRide,83.2,164.0
197,455.0,5861,,8.106,3,VirtualRide,27,,2023-03-08,Zwift - Orange Unicorn in Watopia,16.554,1,,False,46.38,2023-03-08T05:16:38Z,46384.1,5722,141.8,8679192107,186.8,b9840788,,,1069.1,387,166.9733476638794,-11.635296642780304,False,VirtualRide,81.7,164.0
193,232.0,7224,,9.084,2,VirtualRide,25,,2023-03-03,Zwift - Mishmash in Watopia,15.644,0,,False,65.47,2023-03-03T06:15:04Z,65471.9,7207,141.9,8651375472,186.5,b9840788,,,1344.1,469,166.97251081466675,-11.636150926351547,False,VirtualRide,86.0,161.0
189,355.0,5435,,7.593,3,VirtualRide,27,,2023-03-01,Zwift - Zone Benchmarking in Makuri Islands,16.114,3,,False,41.27,2023-03-01T05:29:04Z,41268.8,5435,137.8,8640171509,175.0,b9840788,,,951.2,598,165.8394706249237,-10.805149599909782,False,VirtualRide,89.2,165.0
196,287.0,4648,,7.344,4,VirtualRide,24,,2023-02-28,Zwift - Devedeset in Watopia,20.534,3,,False,34.13,2023-02-28T05:10:26Z,34133.0,4648,138.7,8634354466,182.2,b9840788,,,847.1,433,166.94900393486023,-11.638070046901703,False,VirtualRide,87.3,162.0
201,528.0,7227,,8.747,5,VirtualRide,27,,2023-02-27,Zwift - Red Unicorn in Watopia,15.352,3,,False,63.22,2023-02-27T11:24:47Z,63215.5,7227,144.1,8630650928,188.3,b9840788,,,1361.0,604,166.9818663597107,-11.639574766159058,False,VirtualRide,87.4,172.0
,66.0,1762,,3.05,9,Run,24,,2023-02-25,Lunch Run,3.858,6,,False,5.36,2023-02-25T12:05:50Z,5358.2,1757,152.8,8619293662,,,,5.46,,,-2.579775955528021,53.26234848238528,False,Run,78.9,176.0
226,63.0,1232,,9.004,0,VirtualRide,21,,2023-02-25,Zwift - Ramp Test on Flat Route in Watopia,15.362,0,,False,11.09,2023-02-25T11:28:00Z,11093.2,1232,152.7,8618989713,194.5,b9840788,,,239.6,494,166.94920778274536,-11.637616753578186,False,VirtualRide,94.4,183.0
176,235.0,4238,,8.102,1,VirtualRide,24,,2023-02-25,Zwift - Active Recovery in Watopia,16.942,1,,False,34.13,2023-02-25T10:11:29Z,34126.7,4212,138.3,8618811970,167.6,b9840788,,,706.0,634,166.94848895072937,-11.639244854450226,False,VirtualRide,92.9,160.0
182,488.0,6497,,7.83,1,VirtualRide,25,,2023-02-24,Zwift - Foundation in Watopia,17.048,1,,False,50.87,2023-02-24T10:51:05Z,50869.0,6497,143.1,8614094144,169.5,b9840788,,,1101.5,430,166.95098876953125,-11.635748594999313,False,VirtualRide,90.4,178.0
161,281.0,4917,,6.358,3,VirtualRide,29,,2023-02-23,Zwift - Foundation in Watopia,20.23,0,,False,31.26,2023-02-23T05:17:17Z,31260.6,4917,129.9,8607633158,156.9,b9840788,,,771.5,411,166.94823145866394,-11.639491617679596,False,VirtualRide,89.0,149.0
195,357.0,4728,,7.854,3,VirtualRide,32,,2023-02-22,Zwift - Threshold Development in Watopia,18.44,2,,False,37.13,2023-02-22T05:15:05Z,37134.9,4728,144.6,8602253344,179.7,b9840788,,,849.5,331,166.95375680923462,-11.637033373117447,False,VirtualRide,89.8,172.0
191,302.0,4524,,7.964,2,VirtualRide,21,,2023-02-21,Zwift - Threshold Development in Watopia,19.04,0,,False,36.03,2023-02-21T05:19:37Z,36031.0,4524,140.4,8596446140,177.2,b9840788,,,801.8,294,166.95259809494019,-11.635617166757584,False,VirtualRide,83.2,165.0
160,334.0,5634,,7.279,1,VirtualRide,27,,2023-02-16,Zwift - Foundation in Makuri Islands,15.686,0,,False,41.01,2023-02-16T05:48:35Z,41007.5,5634,134.4,8569366900,156.3,b9840788,,,880.7,266,165.8451247215271,-10.766400396823883,False,VirtualRide,88.6,147.0
187,342.0,4417,,7.031,0,VirtualRide,32,,2023-02-15,Zwift - Threshold Development in London,21.922,0,,False,31.05,2023-02-15T05:25:15Z,31054.4,4417,140.4,8563554590,173.0,b9840788,,,764.1,304,-0.07849149405956268,51.50943696498871,False,VirtualRide,82.8,165.0
168,247.0,3989,,7.669,2,VirtualRide,23,,2023-02-14,Zwift - Foundation in Makuri Islands,15.118,1,,False,30.59,2023-02-14T05:46:46Z,30591.4,3989,134.9,8557928265,159.5,b9840788,,,636.3,274,165.84370851516724,-10.76763354241848,False,VirtualRide,88.5,155.0
182,1605.0,16413,,6.109,11,VirtualRide,33,,2023-02-13,Zwift - Threshold Development in Watopia,21.802,2,,False,100.07,2023-02-13T05:22:26Z,100067.0,16380,140.6,8553070888,167.0,b9840788,,,2734.7,643,166.94068908691406,-11.647924482822418,False,VirtualRide,86.5,169.0
,76.0,7791,,1.203,0,Walk,18,,2023-02-11,Lunch Walk,2.768,0,,False,8.52,2023-02-11T11:43:54Z,8516.7,7081,,8543434931,,,,13.85,,,-2.3897023033350706,53.330492014065385,False,Walk,,
176,434.0,7087,,8.526,2,VirtualRide,26,,2023-02-10,Zwift - Eastern Eight in Watopia,15.528,2,,False,60.42,2023-02-10T08:09:39Z,60421.6,7087,146.1,8536250471,169.7,b9840788,,,1202.8,592,166.98201656341553,-11.639437973499298,False,VirtualRide,87.6,171.0
162,148.0,4010,,8.08,3,VirtualRide,25,,2023-02-09,Zwift - Foundation in London,15.924,1,,False,32.4,2023-02-09T05:19:44Z,32402.2,4010,141.2,8530283081,158.1,b9840788,,,634.1,269,-0.1406692899763584,51.50239884853363,False,VirtualRide,89.5,154.0
160,155.0,4272,,8.227,4,VirtualRide,22,,2023-02-08,Zwift - Foundation in France,13.502,0,,False,35.15,2023-02-08T05:15:55Z,35146.6,4272,139.5,8524642743,156.2,b9840788,,,667.4,386,166.18257880210876,-21.736147105693817,False,VirtualRide,89.3,152.0
180,294.0,4580,,7.432,2,VirtualRide,23,,2023-02-07,Zwift - Intermittent in Makuri Islands,16.002,0,,False,34.04,2023-02-07T07:21:21Z,34038.1,4580,142.9,8518827247,170.3,b9840788,,,779.8,495,165.8451247215271,-10.766402408480644,False,VirtualRide,86.7,160.0
191,585.0,7377,,7.327,4,VirtualRide,28,,2023-02-06,Zwift - Tempo in Watopia,20.384,1,,False,54.05,2023-02-06T17:44:38Z,54052.9,7377,146.5,8516116895,176.9,b9840788,,,1305.3,705,166.97383046150208,-11.635123640298843,False,VirtualRide,88.7,168.0
197,417.0,5538,,9.522,2,VirtualRide,36,,2023-02-04,Zwift - Pacer Group Ride: Country to Coastal in Makuri Islands with Maria,18.632,1,,False,52.73,2023-02-04T11:40:19Z,52732.8,5538,157.5,8502556225,188.3,b9840788,,,1042.7,777,165.83272218704224,-10.762682184576988,False,VirtualRide,89.1,174.0
182,289.0,4909,,7.367,7,VirtualRide,27,,2023-02-03,Zwift - Foundation in France,17.174,4,,False,36.16,2023-02-03T07:16:10Z,36164.2,4909,141.7,8496633845,160.9,b9840788,,,789.8,752,166.1811089515686,-21.736742556095123,False,VirtualRide,88.1,177.0
150,198.0,4328,,7.494,1,VirtualRide,23,,2023-02-02,Zwift - Strength in Watopia,14.348,1,,False,32.44,2023-02-02T07:26:23Z,32435.5,4328,134.6,8491351143,141.7,b9840788,,,613.3,482,166.94837093353271,-11.63938969373703,False,VirtualRide,84.8,160.0
161,197.0,3729,,8.091,5,VirtualRide,25,,2023-02-01,Zwift - Foundation in France,13.86,0,,False,30.17,2023-02-01T07:28:41Z,30170.1,3729,143.8,8485867542,154.0,b9840788,,,574.1,1152,166.18245005607605,-21.736196726560593,False,VirtualRide,90.1,173.0
175,341.0,5228,,7.663,5,VirtualRide,23,,2023-01-31,Zwift - Tempo in Watopia,18.814,1,,False,40.06,2023-01-31T07:33:37Z,40061.8,5228,147.1,8480224345,163.5,b9840788,,,854.6,289,166.94685816764832,-11.640166193246841,False,VirtualRide,88.2,170.0
165,334.0,5443,,7.825,4,VirtualRide,28,,2023-01-29,Zwift - More Zone 2 in Watopia,19.164,1,,False,42.59,2023-01-29T21:15:02Z,42589.9,5443,142.5,8473774420,162.1,b9840788,,,882.5,306,166.97240352630615,-11.636521071195602,False,VirtualRide,88.3,155.0
,244.0,6719,,1.113,0,Hike,25,,2023-01-29,Lunch Hike with the dogs,2.448,0,,False,6.98,2023-01-29T12:24:34Z,6984.9,6276,97.5,8471668972,,,,14.97,,,-2.690157238394022,53.2131904643029,False,Hike,51.0,141.0
141,220.0,3651,,7.271,2,VirtualRide,26,,2023-01-28,Zwift - Active Recovery in Watopia,16.736,0,,False,26.55,2023-01-28T11:24:53Z,26545.6,3651,131.8,8464112937,135.9,b9840788,,,496.3,557,166.94887518882751,-11.63843885064125,False,VirtualRide,89.4,157.0
167,187.0,3944,,8.235,6,VirtualRide,18,,2023-01-27,Zwift - Foundation in Watopia,13.412,2,,False,32.48,2023-01-27T07:43:48Z,32479.9,3944,138.4,8458603211,160.2,b9840788,,,632.0,666,166.94831728935242,-11.63941115140915,False,VirtualRide,83.0,165.0
178,483.0,7779,,7.983,5,VirtualRide,22,,2023-01-26,Zwift - Strength in France Thumpit Thursday 💪,17.228,0,,False,62.1,2023-01-26T12:02:43Z,62095.9,7779,143.8,8454475970,164.0,b9840788,,,1275.8,848,166.18247151374817,-21.73618197441101,False,VirtualRide,82.4,180.0
169,218.0,4066,,7.485,13,VirtualRide,21,,2023-01-25,Zwift - Foundation in Richmond,18.178,6,,False,30.43,2023-01-25T07:16:57Z,30432.5,4066,134.0,8447975420,158.6,b9840788,,,644.8,643,-77.43177473545074,37.539666295051575,False,VirtualRide,86.6,176.0
173,324.0,4926,,7.007,4,VirtualRide,26,,2023-01-24,Zwift - Tempo in London,21.698,0,,False,34.52,2023-01-24T07:29:29Z,34515.1,4926,144.6,8442351571,163.8,b9840788,,,807.0,423,-0.08066349662840366,51.50921165943146,False,VirtualRide,83.9,166.0
170,159.0,3623,,8.401,0,VirtualRide,25,,2023-01-22,Zwift - Wandering Flats in Makuri Islands,14.78,0,,False,30.44,2023-01-22T19:56:53Z,30435.4,3623,139.6,8435447912,157.3,b9840788,,,569.7,798,165.85042476654053,-10.745339691638947,False,VirtualRide,76.4,168.0
192,277.0,5568,,9.108,0,VirtualRide,21,,2023-01-21,Zwift - Watopia's Waistband in Watopia,16.204,0,,False,50.71,2023-01-21T21:33:16Z,50714.1,5568,148.2,8430048545,183.3,b9840788,,,1020.7,611,166.97148084640503,-11.637101769447327,False,VirtualRide,77.4,171.0
,49.2,5246,,1.211,0,Walk,17,,2023-01-21,Afternoon Walk,2.297,0,,False,5.27,2023-01-21T14:04:45Z,5270.1,4353,,8430218561,,,,13.76,,,-2.5797774642705917,53.2623905595392,False,Walk,,
176,58.0,4038,,9.22,3,VirtualRide,27,,2023-01-20,Zwift - Foundation in Watopia,12.094,2,,False,37.23,2023-01-20T16:28:29Z,37231.6,4038,147.9,8422865678,164.8,b9840788,,,665.5,553,166.97238206863403,-11.636561304330826,False,VirtualRide,81.5,181.0
184,349.0,4764,,8.51,6,VirtualRide,22,,2023-01-18,Zwift - Foundation in Watopia,15.748,3,,False,40.54,2023-01-18T20:06:09Z,40541.2,4764,149.5,8413706571,172.1,b9840788,,,820.1,597,166.9723391532898,-11.636600196361542,False,VirtualRide,81.5,179.0
151,395.0,3313,,3.04,0,VirtualRide,25,,2023-01-17,Zwift - Strength in Innsbruck,10.16,0,,False,10.07,2023-01-17T19:42:32Z,10071.5,3313,143.2,8407852992,141.9,b9840788,,,470.0,685,11.395981907844543,47.27344572544098,False,VirtualRide,83.2,170.0
177,263.0,4027,,8.532,2,VirtualRide,24,,2023-01-16,Zwift - Tempo in Watopia,16.34,2,,False,34.36,2023-01-16T18:48:57Z,34359.2,4027,157.7,8402134690,167.7,b9840788,,,675.3,439,166.97174906730652,-11.637029349803925,False,VirtualRide,80.9,180.0
165,111.0,3621,,9.749,2,VirtualRide,34,,2023-01-14,Zwift: Tick Tock in Watopia Lets Cycle,16.402,0,,False,35.3,2023-01-14T11:58:40Z,35299.6,3621,141.9,8389244027,158.9,b9840788,,,575.3,571,167.00016975402832,-11.645871251821518,False,VirtualRide,74.7,168.0
,0.0,1580,,3.309,0,Snowboard,35,,2022-12-26,Afternoon Snowboard,9.108,0,,False,2.48,2022-12-26T13:35:01Z,2481.9,750,170.0,8293082982,,,,,,,6.594241037964821,45.29103451408446,False,Snowboard,,179.0
172,85.0,1895,,8.251,3,VirtualRide,17,,2022-12-16,Zwift - Beach Island Loop in Watopia,13.634,2,,False,15.63,2022-12-16T12:24:38Z,15634.7,1895,146.2,8254457444,167.8,b9840788,,,317.9,800,166.95239424705505,-11.635507196187973,False,VirtualRide,78.4,168.0
194,305.0,3269,,8.179,3,VirtualRide,27,,2022-12-02,Zwift - Downtown Titans in Watopia,16.26,2,,False,26.74,2022-12-02T08:47:51Z,26737.4,3269,148.0,8196495638,183.5,b9840788,,,599.9,711,166.95028066635132,-11.636150926351547,False,VirtualRide,73.5,176.0
180,130.0,1940,,7.805,2,VirtualRide,23,,2022-11-28,Zwift - new toy in Watopia,18.524,0,,False,15.14,2022-11-28T22:32:25Z,15140.8,1940,143.9,8181776186,174.8,b9840788,,,339.1,368,166.9511604309082,-11.635678857564926,False,VirtualRide,79.6,165.0
189,0,2282,,9.292,0,Ride,20,,2022-11-17,Afternoon Ride,13.176,0,,False,21.21,2022-11-17T13:53:36Z,21205.3,2282,140.3,8130831290,173.3,b9840788,,,396.1,891,,,True,Ride,75.3,171.0
165,358.0,5407,,7.793,0,VirtualRide,21,,2022-11-16,Zwift - More Zone 2 in Watopia,16.652,0,,False,42.14,2022-11-16T21:49:14Z,42136.3,5407,,8128076619,160.9,b9840788,,,869.8,177,166.981920003891,-11.639586836099625,False,VirtualRide,79.8,
181,0,5434,,9.839,0,Ride,0,,2022-11-16,Evening Ride,12.982,0,,False,53.47,2022-11-16T19:48:07Z,53465.0,5434,149.0,8128073982,174.3,b9840788,,,947.1,525,,,True,Ride,80.3,162.0
,15.1,3320,,1.282,0,Walk,20,,2022-11-13,Afternoon Walk,3.266,0,,False,4.07,2022-11-13T15:13:25Z,4073.8,3178,,8113563821,,,,13.0,,,-2.5105716940015554,53.26511853374541,False,Walk,,
,20.0,2096,,2.638,0,Run,26,,2022-11-12,Easy Morning Run with the wife ,3.883,0,,False,5.15,2022-11-12T10:11:00Z,5151.8,1953,143.0,8105540808,,,,6.32,,,-2.5806480925530195,53.26232207939029,False,Run,80.0,169.0
167,250.0,3849,,6.941,3,VirtualRide,21,,2022-11-08,Zwift - Just Zone 2 in London,21.416,0,,False,26.71,2022-11-08T22:11:23Z,26714.6,3849,,8089141630,158.6,b9840788,,,610.5,389,-0.07772094570100307,51.50936722755432,False,VirtualRide,80.4,
,28.0,1747,,3.045,3,Run,18,,2022-11-04,Lunch Run,4.04,2,,False,5.06,2022-11-04T12:46:07Z,5057.0,1661,164.5,8066972218,,,,5.47,,,-2.5798868481069803,53.26239307411015,False,Run,80.0,179.0
,24.0,1993,,2.823,0,Run,28,,2022-10-24,Afternoon Run,4.862,0,,False,5.04,2022-10-24T17:02:14Z,5044.7,1787,162.8,8012745903,,,,5.9,,,-2.5996440835297108,53.28008098527789,False,Run,79.8,182.0
198,312.0,7935,,7.482,13,Ride,37,,2022-10-22,Great weather for a Morning Ride,13.398,12,,False,56.1,2022-10-22T10:46:06Z,56102.4,7498,154.3,8001291924,182.9,b9840788,,,1366.3,1171,-2.5839071441441774,53.263836689293385,False,Ride,76.0,173.0
208,115.0,2110,,7.49,2,Ride,28,,2022-10-17,Quick ride in the wind 💨 ,16.468,2,,False,15.44,2022-10-17T15:18:23Z,15437.5,2061,162.8,7977391611,191.4,b9840788,,,393.9,881,-2.5799185317009687,53.262302884832025,False,Ride,79.3,180.0
185,86.0,2431,,8.41,3,VirtualRide,20,,2022-10-13,Zwift - Grin And Bear It in France,14.332,0,,False,20.3,2022-10-13T14:01:27Z,20302.1,2414,,7956660447,170.5,b9840788,,,411.6,396,166.18258953094482,-21.73614040017128,False,VirtualRide,,
186,0,2406,,10.241,0,Ride,0,,2022-10-13,Afternoon Ride,12.448,0,,False,24.64,2022-10-13T13:01:39Z,24640.6,2406,149.0,7956659216,171.3,b9840788,,,412.3,472,,,True,Ride,86.6,180.0
199,178.0,2015,,7.939,2,VirtualRide,20,,2022-10-12,Zwift - Whole Lotta Lava in Watopia,15.702,2,,False,16.0,2022-10-12T11:32:57Z,15996.8,2015,,7950775998,181.6,b9840788,,,365.9,712,166.9450557231903,-11.639031618833542,False,VirtualRide,75.2,
,84.0,5321,,0.91,0,Golf,25,,2022-10-08,Morning Golf back 9,1.898,0,,False,3.78,2022-10-08T10:56:09Z,3781.0,4153,106.4,7929879903,,,,,,,-2.548569878563285,53.25508355163038,False,Golf,,141.0
,68.0,7764,,0.998,0,Golf,21,,2022-10-08,Morning Golf front 9,1.753,0,,False,4.11,2022-10-08T08:46:19Z,4112.7,4123,96.1,7929367744,,,,,,,-2.547365901991725,53.25531480833888,False,Golf,,142.0
,33.0,2054,,2.521,0,Run,25,,2022-10-06,Afternoon Run,4.21,0,,False,5.01,2022-10-06T17:39:17Z,5014.8,1989,157.7,7921602640,,,,6.61,,,-2.5797981675714254,53.262335155159235,False,Run,77.3,180.0
205,135.0,2172,,10.005,1,VirtualRide,27,,2022-10-03,Zwift - Pace Partner Ride: Wandering Flats in Makuri Islands with Maria,16.188,1,,False,21.73,2022-10-03T17:37:11Z,21730.5,2172,,7905514097,200.4,b9840788,,,435.2,730,165.84062933921814,-10.799603462219238,False,VirtualRide,81.7,
203,0,2276,,9.091,0,Ride,0,,2022-10-03,Afternoon Ride,12.006,0,,False,20.69,2022-10-03T16:35:57Z,20690.9,2276,154.4,7905516417,203.7,b9840788,,,430.8,661,,,True,Ride,82.4,178.0
,47.0,5368,,1.279,0,Walk,25,,2022-09-23,Afternoon Walk,3.317,0,,False,6.51,2022-09-23T17:56:44Z,6508.3,5087,96.7,7855611509,,,,13.03,,,-2.579864803701639,53.26227966696024,False,Walk,56.3,123.0
,43.6,3982,,1.121,0,Walk,16,,2022-09-20,Evening Walk,2.23,0,,False,3.79,2022-09-20T18:02:51Z,3791.9,3384,,7840041917,,,,14.87,,,-2.5768189877271652,53.261885549873114,False,Walk,,
193,104.0,2424,,6.015,2,VirtualRide,19,,2022-09-19,Zwift - Step By Step on Innsbruckring in Watopia,14.62,1,,False,14.48,2022-09-19T07:53:49Z,14483.6,2408,,7831525929,170.1,b9840788,,,409.5,410,166.94736242294312,-11.664230972528458,False,VirtualRide,82.3,
196,0,2351,,9.35,0,Ride,0,,2022-09-19,Morning Ride,13.692,0,,False,21.98,2022-09-19T06:55:41Z,21982.3,2351,150.1,7831526954,170.2,b9840788,,,400.5,523,,,True,Ride,83.4,179.0
,124.0,4818,,1.207,0,Walk,17,,2022-09-18,Morning Walk,2.59,0,,False,5.56,2022-09-18T09:44:17Z,5561.1,4606,,7827257642,,,,13.81,,,-2.6777662709355354,53.226785995066166,False,Walk,,
,34.0,4615,,1.205,0,Walk,23,,2022-09-14,Afternoon Dog Walk,2.858,0,,False,4.82,2022-09-14T17:59:51Z,4821.2,4002,87.0,7808491704,,,,13.83,,,-2.5813402701169252,53.261938942596316,False,Walk,54.4,124.0
182,157.0,4259,,8.363,5,VirtualRide,26,,2022-09-12,Zwift - Red Unicorn in Watopia,15.43,2,,False,35.44,2022-09-12T15:56:04Z,35442.3,4238,,7796382895,173.1,b9840788,,,733.4,262,166.98187708854675,-11.63964182138443,False,VirtualRide,82.9,
185,0,4260,,8.781,0,Ride,0,,2022-09-12,Afternoon Ride,12.12,0,,False,37.41,2022-09-12T14:54:53Z,37408.8,4260,150.5,7796381699,172.4,b9840788,,,734.4,595,,,True,Ride,83.3,169.0
179,85.0,2815,,7.573,3,VirtualRide,24,,2022-09-09,Zwift - Devedeset in Watopia,14.026,0,,False,21.32,2022-09-09T06:58:22Z,21317.5,2815,,7778206403,165.0,b9840788,,,464.4,547,166.9525444507599,-11.635578274726868,False,VirtualRide,79.7,
178,0,2799,,8.997,0,Ride,0,,2022-09-09,Morning Ride,13.222,0,,False,25.18,2022-09-09T05:58:09Z,25181.4,2799,141.6,7778204223,163.9,b9840788,,,458.8,440,,,True,Ride,80.4,170.0
198,81.0,1974,,8.583,2,VirtualRide,29,,2022-09-05,Zwift - Electric Loop in Makuri Islands,14.32,1,,False,16.94,2022-09-05T17:37:12Z,16943.1,1974,,7759022616,176.9,b9840788,,,349.2,764,165.83954572677612,-10.805124789476395,False,VirtualRide,76.0,
,0,2657,,0.0,0,Workout,17,,2022-08-02,Evening Workout,0.0,0,,False,0.0,2022-08-02T18:55:46Z,0.0,2657,160.4,7571629204,,,,,,,,,True,Workout,,180.0
,32.0,1051,,2.908,6,Run,28,,2022-08-01,Evening Run 3x500m sprints with the dogs,6.32,5,,False,3.04,2022-08-01T19:02:49Z,3042.1,1046,159.4,7565725764,,,,5.73,,,-0.7307419460266829,52.41681905463338,False,Run,76.2,176.0
,145.0,9339,,1.301,0,Walk,26,,2022-07-24,Morning Walk with the Dogs,2.157,0,,False,11.06,2022-07-24T10:52:49Z,11056.0,8500,83.7,7520636003,,,,12.81,,,-0.8950954768806696,52.32112856581807,False,Walk,56.5,133.0
,45.0,2301,,2.47,2,Run,25,,2022-07-12,Afternoon Run,3.326,1,,False,5.62,2022-07-12T17:20:21Z,5619.0,2275,160.2,7457569804,,,,6.75,,,-2.8788923006504774,53.1883786059916,False,Run,75.7,176.0
154,124.0,4203,,7.543,6,VirtualRide,19,,2022-07-06,Zwift - Garmin UNBOUND Gravel Training Plan | Happy Trails in Watopia,12.898,1,,False,31.03,2022-07-06T19:45:30Z,31031.3,4114,,7426318628,149.0,b9840788,,,613.1,606,166.9524371623993,-11.635516583919525,False,VirtualRide,84.6,
149,0,4108,,9.831,0,Ride,0,,2022-07-06,Evening Ride,12.542,0,,False,40.38,2022-07-06T18:47:09Z,40384.9,4108,128.1,7426319705,139.8,b9840788,,,574.2,637,,,True,Ride,85.2,153.0
193,0,5432,,7.468,0,Ride,0,,2022-07-05,Evening Ride,13.368,0,,False,40.57,2022-07-05T18:42:16Z,40566.0,5432,150.1,7420458219,181.6,b9840788,,,986.4,530,,,True,Ride,80.3,171.0
189,461.0,5447,,5.357,11,VirtualRide,23,,2022-07-05,Zwift - Orange Unicorn in Makuri Islands,17.038,4,,False,28.96,2022-07-05T18:41:42Z,28958.2,5406,,7420453368,180.5,b9840788,,,975.6,261,165.85596084594727,-10.743738412857056,False,VirtualRide,79.8,
210,154.0,3038,,8.46,2,VirtualRide,24,,2022-07-02,Zwift - Casse-Pattes in France,17.406,1,,False,25.43,2022-07-02T08:33:41Z,25429.7,3006,,7400966745,190.8,b9840788,,,573.6,787,166.18286848068237,-21.736038476228714,False,VirtualRide,79.9,
210,0,3009,,9.099,0,Ride,0,,2022-07-02,Morning Ride,13.838,0,,False,27.38,2022-07-02T08:33:24Z,27377.8,3009,147.3,7400969210,189.7,b9840788,,,572.2,770,,,True,Ride,80.5,180.0
209,80.0,2010,,9.355,0,VirtualRide,22,,2022-07-01,Zwift - Race: Herd Summer Racing League on Leith Hill After Party in London,15.028,0,,False,18.8,2022-07-01T20:05:27Z,18803.5,2010,,7399075040,198.5,b9840788,,,399.0,810,-0.07611220702528954,51.51087462902069,False,VirtualRide,84.8,
201,0,2482,,9.229,0,Ride,0,,2022-07-01,Evening Ride,12.332,0,,False,22.91,2022-07-01T19:57:47Z,22906.7,2482,152.2,7399082626,181.1,b9840788,,,449.7,708,,,True,Ride,84.6,174.0
182,34.0,1807,,7.165,2,VirtualRide,21,,2022-06-26,Zwift - Ramp Test in London,11.646,0,,False,12.83,2022-06-26T19:38:00Z,12826.1,1790,,7373316044,143.7,b9840788,,,257.2,516,-0.1297525316476822,51.50623440742493,False,VirtualRide,79.0,
174,36.0,1765,,8.018,1,VirtualRide,22,,2022-06-26,Zwift - Ramp Test Lite in London,12.808,0,,False,14.15,2022-06-26T19:07:38Z,14151.3,1765,,7373155273,153.6,b9840788,,,271.1,453,-0.12993223965168,51.50615394115448,False,VirtualRide,81.4,
176,0,3695,,8.693,0,Ride,0,,2022-06-26,Evening Ride,15.926,0,,False,32.12,2022-06-26T19:07:24Z,32120.3,3695,135.7,7373330138,141.2,b9840788,,,523.4,530,,,True,Ride,80.4,179.0
162,397.0,8780,,6.056,12,Ride,33,,2022-06-24,Afternoon Ride with the wife,14.663,0,,False,47.43,2022-06-24T16:15:31Z,47431.7,7832,130.2,7361955762,128.9,b9840788,,,1016.5,1134,-0.7296875864267349,52.41690027527511,False,Ride,71.6,173.0
170,253.0,5474,,6.276,31,Ride,35,,2022-06-19,Lunch Ride with the wife,13.88,16,,False,29.77,2022-06-19T11:41:37Z,29773.3,4744,127.1,7333985118,144.4,b9840788,,,679.8,1219,-0.7301745750010014,52.414645459502935,False,Ride,71.7,168.0
,45.0,1792,,3.045,10,Run,26,,2022-06-13,Afternoon Run with the dogs,4.46,9,,False,5.02,2022-06-13T17:38:09Z,5024.4,1650,162.0,7302859044,,,,5.47,,,-0.7308660820126534,52.41677085869014,False,Run,80.6,180.0
,80.0,8026,,1.23,0,Walk,23,,2022-06-11,Afternoon Walk,4.682,0,,False,8.02,2022-06-11T13:57:15Z,8016.0,6518,90.7,7291481009,,,,13.55,,,-0.6322474591434002,52.66686505638063,False,Walk,55.5,122.0
,54.0,2883,,1.237,0,Walk,18,,2022-06-10,Evening Walk,5.446,0,,False,3.51,2022-06-10T18:10:01Z,3509.3,2836,101.4,7286770192,,,,13.47,,,-0.730469198897481,52.41688217036426,False,Walk,54.6,123.0
158,263.0,5809,,5.867,4,Ride,30,,2022-06-10,Wife's new bike day,15.214,2,,False,29.96,2022-06-10T15:17:02Z,29963.1,5107,127.3,7286146571,123.8,b9840788,,,629.8,1281,-0.7307030539959669,52.41680346429348,False,Ride,69.3,166.0
,42.0,1957,,2.754,5,Run,33,,2022-06-06,Afternoon Run With the Family,5.431,3,,False,5.03,2022-06-06T17:28:15Z,5029.5,1826,154.9,7265491525,,,,6.05,,,-0.7305688597261906,52.416676227003336,False,Run,81.1,184.0
,42.0,1936,,2.653,5,Run,32,,2022-05-31,Afternoon Run,3.758,1,,False,5.01,2022-05-31T17:45:50Z,5011.7,1889,148.3,7233038564,,,,6.28,,,-0.7307530101388693,52.41679918952286,False,Run,81.1,166.0
,54.0,1990,,2.572,3,Run,25,,2022-05-30,Afternoon Run,4.874,0,,False,5.02,2022-05-30T17:18:48Z,5020.0,1952,148.0,7227626205,,,,6.48,,,-0.7306194864213467,52.41682047955692,False,Run,79.7,166.0
,77.9,4324,,1.381,0,Walk,24,,2022-05-29,Afternoon Walk,2.78,0,,False,5.85,2022-05-29T17:57:15Z,5852.6,4237,,7224106402,,,,12.07,,,-0.7308768946677446,52.41711761802435,False,Walk,,
200,783.0,17005,,7.788,0,Ride,47,,2022-05-28,Morning Ride,16.81,0,,False,113.12,2022-05-28T09:27:41Z,113125.0,14525,148.5,7216339999,180.6,b9840788,,,2618.8,936,-0.7309857755899429,52.41695534437895,False,Ride,79.3,178.0
,44.0,1675,,2.858,7,Run,28,,2022-05-23,Afternoon Run With my Dogs,3.736,3,,False,4.46,2022-05-23T17:20:41Z,4456.0,1559,157.5,7190678568,,,,5.83,,,-0.7307827658951283,52.41679667495191,False,Run,80.3,174.0
170,187.0,2477,,6.179,0,VirtualRide,27,,2022-05-22,Zwift - Chain Chomper in Makuri Islands,15.344,0,,False,15.3,2022-05-22T20:43:30Z,15304.5,2477,,7186942312,157.9,b9840788,,,391.0,638,165.83746433258057,-10.75551062822342,False,VirtualRide,81.2,
192,168.0,2862,,7.393,0,VirtualRide,25,,2022-05-22,Zwift - Orange Unicorn in Watopia,19.278,0,,False,20.12,2022-05-22T19:54:12Z,20123.4,2722,,7186746047,181.7,b9840788,,,494.7,614,166.95120334625244,-11.635584980249405,False,VirtualRide,85.0,
181,0,5454,,8.296,0,Ride,20,,2022-05-22,Evening Ride,14.386,0,,False,45.25,2022-05-22T19:53:28Z,45245.1,5454,149.0,7186942262,159.1,b9840788,,,868.7,670,,,True,Ride,83.7,173.0
,59.0,3283,,1.381,0,Walk,27,,2022-05-22,Lunch Walk,13.996,0,,False,4.03,2022-05-22T12:13:01Z,4030.6,2919,84.7,7184325487,,,,12.07,,,-0.7310693431645632,52.41717092692852,False,Walk,56.0,113.0
,55.0,3406,,1.283,0,Walk,22,,2022-05-19,Evening Walk,3.275,0,,False,4.34,2022-05-19T18:40:48Z,4341.6,3383,97.6,7170220226,,,,12.99,,,-0.731361536309123,52.41712507791817,False,Walk,55.8,139.0
,42.0,2049,,2.564,8,Run,23,,2022-05-16,Afternoon Run With the Family,3.355,2,,False,5.13,2022-05-16T17:49:35Z,5126.4,1999,154.0,7153085489,,,,6.5,,,-0.7305907364934683,52.41683774627745,False,Run,80.3,172.0
,199.0,13403,,0.93,0,Golf,26,,2022-05-15,Afternoon Activity,2.004,0,,False,9.32,2022-05-15T13:14:23Z,9316.9,10016,103.8,7147933793,,,,,,,-1.120486781001091,52.190510435029864,False,Golf,,151.0
201,72.0,2377,,8.579,12,VirtualRide,28,,2022-05-15,"Zwift - What Goes Up, Must Come Down in London",12.01,4,,False,20.15,2022-05-15T11:45:15Z,20151.7,2349,,7145649117,187.9,b9840788,,,441.3,338,-0.12977851554751396,51.50621294975281,False,VirtualRide,,
192,0,2414,,9.327,0,Ride,27,,2022-05-15,Lunch Ride,14.552,0,,False,22.52,2022-05-15T11:44:47Z,22516.0,2414,146.4,7145666075,164.4,b9840788,,,396.9,501,,,True,Ride,84.4,177.0
,45.0,2085,,2.463,4,Run,31,,2022-05-12,Afternoon Run,3.534,0,,False,5.01,2022-05-12T17:03:54Z,5012.5,2035,152.0,7131157111,,,,6.77,,,-0.7309075724333525,52.417078390717506,False,Run,79.7,169.0
,47.0,1801,,2.344,5,Run,25,,2022-05-10,Afternoon Run with the wife and dogs,3.275,0,,False,4.21,2022-05-10T17:27:20Z,4213.6,1798,146.7,7119969036,,,,7.11,,,-0.7306992821395397,52.41678678430617,False,Run,76.6,172.0
,78.0,4207,,1.354,0,Walk,22,,2022-05-09,Daily Dog Walk,1.956,0,,False,5.7,2022-05-09T17:56:13Z,5695.6,4207,102.9,7115035570,,,,12.31,,,-0.7307555247098207,52.41695056669414,False,Walk,56.0,120.0
201,238.0,4150,,8.141,0,VirtualRide,28,,2022-05-09,Zwift - Out And Back Again in Watopia,15.59,0,,False,32.39,2022-05-09T16:19:31Z,32385.2,3978,,7113761354,183.0,b9840788,,,728.0,773,166.97193145751953,-11.63694217801094,False,VirtualRide,,
200,0,4168,,8.551,0,Ride,0,,2022-05-09,Afternoon Ride,14.11,0,,False,35.64,2022-05-09T16:19:20Z,35641.6,4168,157.4,7113768930,173.1,b9840788,,,721.6,789,,,True,Ride,79.5,189.0
,52.0,9581,,1.139,0,Walk,32,,2022-05-08,Lunch Walk,2.254,0,,False,6.85,2022-05-08T11:41:00Z,6846.6,6012,85.2,7108352844,,,,14.63,,,-0.9851684141904116,52.496091490611434,False,Walk,55.1,128.0
,73.0,4255,,1.314,0,Walk,28,,2022-05-05,COVID day 3 dog walk,4.372,0,,False,5.49,2022-05-05T17:54:23Z,5493.0,4179,107.7,7093509803,,,,12.68,,,-0.7307238411158323,52.416808158159256,False,Walk,56.2,145.0
,53.0,3238,,1.246,0,Walk,23,,2022-05-04,COVID day 2,1.918,0,,False,3.44,2022-05-04T17:22:08Z,3442.2,2763,92.6,7087830579,,,,13.38,,,-0.7321695517748594,52.41682316176593,False,Walk,54.1,107.0
,78.0,3852,,1.45,0,Walk,25,,2022-04-30,Afternoon Dog Walk,3.051,0,,False,5.53,2022-04-30T16:57:10Z,5530.2,3815,110.4,7066091537,,,,11.49,,,-0.7308131083846092,52.41697680205107,False,Walk,58.2,133.0
189,34.0,1491,,7.899,2,VirtualRide,24,,2022-04-30,Zwift - Halvfems in Richmond,12.706,1,,False,11.52,2022-04-30T14:07:52Z,11524.4,1459,,7064434960,176.9,b9840788,,,258.1,442,-77.44891405105591,37.54717379808426,False,VirtualRide,,
184,0,4129,,6.868,0,Ride,28,,2022-04-30,Afternoon Ride,15.226,0,,False,28.36,2022-04-30T13:28:35Z,28356.9,4129,144.5,7064460457,127.6,b9840788,,,526.9,836,,,True,Ride,79.4,175.0
151,50.0,1856,,6.868,0,VirtualRide,22,,2022-04-30,Zwift - Pedaling Drills in Watopia,12.64,0,,False,12.75,2022-04-30T13:25:41Z,12747.8,1856,,7064234632,135.6,b9840788,,,251.7,681,166.94895029067993,-11.638277918100357,False,VirtualRide,,
,68.0,3504,,1.304,0,Walk,26,,2022-04-29,Afternoon Dog Walk,2.98,0,,False,4.32,2022-04-29T17:28:46Z,4317.2,3310,101.8,7060644712,,,,12.78,,,-0.7307659182697535,52.417045030742884,False,Walk,57.3,146.0
,59.0,4046,,1.285,0,Walk,21,,2022-04-25,Afternoon Walk,1.889,0,,False,5.15,2022-04-25T17:58:40Z,5154.1,4010,100.9,7039940636,,,,12.97,,,-0.7307791616767645,52.416699696332216,False,Walk,55.9,139.0
,54.2,3742,,1.21,0,Walk,16,,2022-04-24,Afternoon Walk,4.786,0,,False,4.39,2022-04-24T15:56:15Z,4385.7,3625,,7037292135,,,,13.77,,,-0.7306377589702606,52.41680338047445,False,Walk,,
,64.0,2798,,1.238,0,Walk,24,,2022-04-22,Evening Dog Walk,2.039,0,,False,3.29,2022-04-22T18:07:17Z,3286.0,2654,101.2,7023940017,,,,13.46,,,-0.7330742944031954,52.41712021641433,False,Walk,55.6,120.0
190,665.0,5544,,5.54,0,VirtualRide,30,,2022-04-22,Zwift - Red Unicorn in Innsbruck,23.704,0,,False,29.99,2022-04-22T13:00:17Z,29990.0,5413,,7022432037,183.3,b9840788,,,992.3,780,11.395924240350723,47.27337598800659,False,VirtualRide,,
,65.0,3702,,1.28,0,Hike,25,,2022-04-21,Evening Dog Walk,2.872,0,,False,4.64,2022-04-21T18:35:49Z,4639.0,3624,105.3,7019453875,,,,13.02,,,-0.7308164611458778,52.41694662719965,False,Hike,57.4,146.0
,53.0,2800,,1.168,0,Hike,25,,2022-04-20,Evening Dog Walk,3.181,0,,False,3.17,2022-04-20T18:23:03Z,3169.6,2714,103.4,7013780454,,,,14.27,,,-0.7327287085354328,52.41707453504205,False,Hike,54.7,153.0
175,271.0,2595,,6.303,2,VirtualRide,26,,2022-04-20,Zwift - Devedeset in New York,21.81,1,,False,16.03,2022-04-20T14:32:23Z,16028.1,2543,,7012169043,162.3,b9840788,,,412.8,351,-73.96639287471771,40.7783505320549,False,VirtualRide,,
195,195.0,1842,,6.497,0,VirtualRide,28,,2022-04-19,Zwift - Zone Benchmarking in New York,18.118,0,,False,11.81,2022-04-19T14:56:13Z,11812.2,1818,,7006878577,172.3,b9840788,,,313.3,387,-73.96658599376678,40.778149366378784,False,VirtualRide,,
,162.0,15324,,1.005,0,Golf,30,,2022-04-17,Afternoon Activity,2.187,0,,False,11.45,2022-04-17T14:49:01Z,11454.3,11401,71.5,6998123300,,,,,,,-0.8193296100944281,52.276290664449334,False,Golf,,136.0
,55.0,3078,,1.083,0,Hike,31,,2022-04-16,Nice little walk with my family,1.804,0,,False,3.2,2022-04-16T17:47:35Z,3198.0,2954,76.8,6992636518,,,,15.39,,,-0.7342864852398634,52.41758390329778,False,Hike,51.7,141.0
,0,1833,,0.0,0,Ride,19,,2022-04-05,Morning Ride,0.0,0,,False,0.0,2022-04-05T07:31:28Z,0.0,1833,154.9,6933600524,,b9840788,,,,,,,True,Ride,,174.0
198,727.0,15028,,7.79,0,Ride,48,,2022-03-20,Good to finally be back on the bike,17.204,0,,False,80.99,2022-03-20T09:07:08Z,80991.3,10397,155.7,6854300568,171.9,b9840788,,,1792.9,1421,-0.7266248390078545,52.40390019491315,False,Ride,80.0,181.0
,113.0,14934,,0.953,0,Golf,22,,2022-03-19,Morning Activity,1.864,0,,False,9.43,2022-03-19T09:47:07Z,9425.5,9886,93.2,6848319986,,,,,,,-0.5676963273435831,52.70002378150821,False,Golf,,149.0
,6.0,2065,,2.484,8,Run,27,,2022-03-12,Babalas Maastricht parkrun ,3.693,3,,False,5.11,2022-03-12T09:00:02Z,5105.2,2055,160.1,6810744607,,,,6.71,,,5.686570024117827,50.843182783573866,False,Run,79.2,181.0
,112.0,13138,,0.978,0,Golf,25,,2022-02-27,Morning Activity,3.622,0,,False,9.01,2022-02-27T09:36:43Z,9013.7,9215,100.3,6746179143,,,,,,,-0.8193283528089523,52.27649811655283,False,Golf,,135.0
,19.0,1819,,2.876,0,Run,30,,2022-02-23,Running sucks or I suck at running ,4.712,0,,False,4.2,2022-02-23T17:19:10Z,4196.4,1459,168.9,6727579444,,,,5.8,,,-3.052340866997838,53.19064415059984,False,Run,77.9,184.0
,0,1902,,1.609,0,Run,21,,2022-02-21,When garmin says 3km but the treadmill says 5km,4.18,0,,False,3.06,2022-02-21T19:26:21Z,3059.4,1902,133.1,6717088414,,,,10.36,,,,,True,Run,74.1,156.0
,0,700,,0.0,0,WeightTraining,21,,2022-02-21,Evening Activity,0.0,0,,False,0.0,2022-02-21T19:13:49Z,0.0,700,89.7,6716901348,,,,,,,,,True,WeightTraining,,103.0
180,258.0,9442,,6.728,0,Ride,41,,2022-02-09,Interisting Granny Wednesdays ,14.41,0,,False,53.53,2022-02-09T16:14:57Z,53529.0,7956,154.6,6657380378,157.2,b9840788,,,1255.0,1128,-2.287200428545475,53.47466259263456,False,Ride,77.4,182.0
204,642.0,13587,,8.564,18,Ride,51,,2022-01-22,Que Serra + VAT,16.663,11,,False,100.25,2022-01-22T05:31:57Z,100248.0,11706,140.0,6561355602,172.1,b9840788,,,2025.0,1281,28.280136454850435,-26.160217858850956,False,Ride,79.1,170.0
228,276.0,4255,,9.054,25,Ride,44,,2022-01-20,Morning Ride,22.172,9,,False,38.26,2022-01-20T04:44:00Z,38255.1,4225,159.3,6551762478,198.4,b9840788,,,840.2,1278,28.28016989864409,-26.16012029349804,False,Ride,83.0,177.0
230,219.0,3641,,8.873,27,Ride,49,,2022-01-18,Morning Ride,13.904,19,,False,32.17,2022-01-18T04:41:54Z,32173.4,3626,145.8,6541169038,174.5,b9840788,,,634.8,771,28.28015078790486,-26.160363955423236,False,Ride,75.1,179.0
203,185.0,3759,,8.178,2,Ride,42,,2022-01-12,Morning Ride,13.012,2,,False,30.74,2022-01-12T04:41:43Z,30739.3,3759,133.6,6510003245,155.9,b9840788,,,584.9,746,28.280190099030733,-26.160496724769473,False,Ride,75.7,175.0
241,178.0,3315,,9.562,23,Ride,48,,2022-01-11,Sunward Ride - BL,16.884,13,,False,31.4,2022-01-11T04:41:02Z,31400.8,3284,153.0,6504625111,207.6,b9840788,,,684.0,971,28.280169060453773,-26.160197826102376,False,Ride,82.3,173.0
206,277.0,9608,,7.739,7,Ride,40,,2022-01-07,Lunch Ride,18.612,0,,False,51.28,2022-01-07T11:08:23Z,51277.8,6626,143.8,6485651747,165.9,b9840788,,,1099.1,1564,28.29987089149654,-26.12673483788967,False,Ride,76.7,180.0
214,146.0,3283,,8.922,6,Ride,37,,2022-01-07,Morning Ride,13.086,3,,False,29.29,2022-01-07T04:45:29Z,29291.5,3283,137.9,6484554329,165.7,b9840788,,,543.1,1277,28.280138298869133,-26.16015499457717,False,Ride,80.1,177.0
230,321.0,5194,,9.055,28,Ride,48,,2022-01-06,Thumpit Thursday - Bedford + Airport,19.632,8,,False,47.03,2022-01-06T04:42:42Z,47031.5,5194,151.5,6479578792,194.1,b9840788,,,1010.6,1074,28.278806917369366,-26.15952710621059,False,Ride,82.6,176.0
207,191.8,3910,,8.641,29,Ride,38,,2022-01-04,Morning Ride,15.58,21,,False,30.04,2022-01-04T04:48:23Z,30037.2,3476,135.8,6469427061,146.2,b9840788,,,555.9,1339,28.269299,-26.145957,False,Ride,76.4,179.0
,103.0,4495,,0.892,0,Hike,20,,2022-01-02,Quick little dog walk,1.568,0,,False,3.07,2022-01-02T11:00:43Z,3071.4,3443,113.7,6459605184,,,,18.68,,,28.052389416843653,-26.173670729622245,False,Hike,51.3,146.0
198,468.0,11298,,8.754,32,Ride,53,,2022-01-02,Morning Ride,16.522,11,,False,86.24,2022-01-02T05:32:00Z,86243.5,9852,135.2,6458939324,153.0,b9840788,,,1509.5,938,28.280161265283823,-26.160318860784173,False,Ride,79.0,173.0
182,207.0,7428,,7.922,6,Ride,36,,2021-12-31,Easy Ride to end the Year off,13.048,2,,False,44.24,2021-12-31T05:32:23Z,44235.4,5584,134.4,6449586123,148.1,b9840788,,,827.4,1309,28.28015380539,-26.16040427237749,False,Ride,73.6,168.0
185,542.0,12890,,8.345,33,Ride,49,,2021-12-30,Morning Ride,15.419,17,,False,101.1,2021-12-30T05:32:00Z,101103.0,12115,136.1,6445239327,147.6,b9840788,,,1788.6,1282,28.280155397951603,-26.16000554524362,False,Ride,75.2,178.0
194,320.0,8899,,8.964,22,Ride,43,,2021-12-25,Merry Christmas ,17.316,15,,False,61.8,2021-12-25T07:59:30Z,61797.8,6894,140.4,6424650856,153.7,b9840788,,,1061.7,1432,28.26743770390749,-26.132009821012616,False,Ride,82.6,171.0
171,143.0,3815,,7.863,2,Ride,47,,2021-12-24,Morning Ride,17.864,0,,False,29.6,2021-12-24T04:47:51Z,29597.5,3764,127.2,6420835309,127.6,b9840788,,,478.5,1202,28.28020267188549,-26.160369152203202,False,Ride,74.2,177.0
217,351.0,7061,,9.039,37,Ride,42,,2021-12-23,Afternoon Ride,16.858,7,,False,55.36,2021-12-23T14:53:06Z,55362.8,6125,162.7,6418753983,192.0,b9840788,,,1177.7,1101,28.301367815583944,-26.12670063972473,False,Ride,82.2,181.0
219,131.0,3424,,9.327,19,Ride,37,,2021-12-22,Morning Ride,13.578,5,,False,26.35,2021-12-22T04:30:50Z,26349.2,2825,85.8,6413356474,187.7,b9840788,,,530.2,907,28.28008725307882,-26.159541020169854,False,Ride,80.2,103.0
,83.0,16896,,1.417,0,Golf,22,,2021-12-21,Morning Activity,5.864,0,,False,13.67,2021-12-21T06:53:31Z,13670.6,9648,92.7,6409761410,,,,,,,28.367513855919242,-25.774788949638605,False,Golf,,137.0
162,143.0,4047,,7.418,2,Ride,39,,2021-12-17,Relaxed Coffe Ride,12.004,0,,False,29.65,2021-12-17T04:40:40Z,29648.8,3997,86.8,6393343904,126.3,b9840788,,,509.5,1064,28.28042940236628,-26.159166684374213,False,Ride,76.1,135.0
229,124.0,2835,,8.959,16,Ride,43,,2021-12-15,Morning Ride,13.086,0,,False,25.4,2021-12-15T04:42:43Z,25398.9,2835,90.2,6385401192,194.7,b9840788,,,552.0,697,28.280154895037413,-26.160298995673656,False,Ride,80.1,119.0
222,193.0,3534,,8.91,16,Ride,37,,2021-12-14,Morning Ride,14.982,3,,False,31.49,2021-12-14T04:41:55Z,31487.7,3534,98.4,6381205296,178.2,b9840788,,,632.4,886,28.28015288338065,-26.160279298201203,False,Ride,83.3,139.0
234,185.0,3355,,9.469,38,Ride,50,,2021-12-09,Thumpit Thursday - Sunward,16.72,17,,False,31.49,2021-12-09T04:42:37Z,31493.2,3326,100.3,6361213596,177.0,b9840788,,,590.8,991,28.28019680455327,-26.16051365621388,False,Ride,84.6,153.0
200,104.0,3852,,8.366,5,Ride,36,,2021-12-08,Coffee Ride ,13.506,0,,False,21.14,2021-12-08T04:42:16Z,21140.4,2527,98.3,6357181279,174.5,b9840788,,,440.8,666,28.280171994119883,-26.160503095015883,False,Ride,80.9,130.0
,223.0,1580,,6.01,1,Ride,27,,2021-12-05,Morning Ride,12.74,1,,False,9.14,2021-12-05T09:01:56Z,9141.6,1521,75.4,6346280425,284.3,,,,432.4,,30.362885165959597,-25.677321581169963,False,Ride,,96.0
,134.0,4226,,0.807,0,Hike,29,,2021-12-04,Afternoon Hike/Dog walk,1.34,0,,False,3.17,2021-12-04T16:08:20Z,3168.2,3926,105.4,6342513049,,,,20.65,,,30.36497024819255,-25.676252050325274,False,Hike,48.5,135.0
,77.0,6015,,1.015,0,Hike,27,,2021-12-04,Morning Hike with the dogs,4.07,0,,False,5.9,2021-12-04T10:29:52Z,5895.4,5806,90.8,6341132971,,,,16.42,,,30.366992466151714,-25.675258543342352,False,Hike,49.4,126.0
198,146.0,3763,,7.997,0,Ride,37,,2021-12-03,Morning Ride,20.688,0,,False,30.09,2021-12-03T04:47:32Z,30092.9,3763,83.8,6336687070,163.2,b9840788,,,613.5,1173,28.28018163330853,-26.16039245389402,False,Ride,79.3,121.0
234,145.0,2760,,9.369,17,Ride,32,,2021-12-02,Morning Ride,17.23,11,,False,25.04,2021-12-02T04:43:28Z,25043.1,2673,,6332600071,208.1,b9840788,,,557.3,882,28.283336581662297,-26.160010071471334,False,Ride,83.5,
202,168.0,4103,,8.614,6,Ride,42,,2021-12-01,Granny Wednesday,16.35,5,,False,35.34,2021-12-01T04:42:42Z,35344.6,4103,,6328448135,159.7,b9840788,,,656.4,1114,28.280126731842756,-26.160416593775153,False,Ride,75.9,
205,1256.0,14852,,7.748,0,Ride,60,,2021-11-21,947 Cycle Challenge ,21.768,0,,False,97.56,2021-11-21T06:39:41Z,97556.5,12591,,6286496807,179.7,b9840788,,,2263.7,894,27.97975561581552,-26.234072651714087,False,Ride,79.3,
218,132.0,3562,,7.999,4,Ride,30,,2021-11-20,Morning Ride,24.149,0,,False,27.56,2021-11-20T05:27:52Z,27557.1,3445,,6281553862,177.4,b9840788,,,616.2,1299,28.27859510667622,-26.15947388112545,False,Ride,82.6,
219,109.0,2403,,9.829,25,Ride,36,,2021-11-17,Morning Ride,13.9,10,,False,23.62,2021-11-17T04:44:48Z,23619.5,2403,,6268522821,192.5,b9840788,,,468.2,963,28.27851011417806,-26.179515095427632,False,Ride,87.0,
232,183.0,3484,,8.991,20,Ride,55,,2021-11-16,Morning Ride,15.316,13,,False,31.32,2021-11-16T04:42:07Z,31324.5,3484,,6263894781,200.8,b9840788,,,701.2,1138,28.27956053428352,-26.15954856388271,False,Ride,81.3,
226,142.0,3215,,9.249,21,Ride,50,,2021-11-12,Morning Ride,20.81,11,,False,29.73,2021-11-12T04:46:40Z,29734.3,3215,,6245858677,197.9,b9840788,,,636.7,1221,28.280131425708532,-26.160290194675326,False,Ride,87.2,
194,169.0,3977,,8.796,4,Ride,40,,2021-11-10,Morning Ride,13.658,1,,False,34.72,2021-11-10T04:43:00Z,34717.4,3947,,6236870259,158.8,b9840788,,,627.6,996,28.278312385082245,-26.15951294079423,False,Ride,82.7,
212,810.0,13118,,8.439,8,Ride,46,,2021-11-07,Tshwane Classic ,19.282,7,,False,110.07,2021-11-07T06:37:36Z,110067.0,13043,,6222800543,187.8,b9840788,,,2459.8,1192,28.556748647242785,-25.79262362793088,False,Ride,82.8,
212,224.0,4294,,8.757,22,Ride,48,,2021-11-06,Morning Ride,15.71,6,,False,36.7,2021-11-06T05:33:56Z,36699.0,4191,,6217580949,169.7,b9840788,,,711.8,1254,28.28015774488449,-26.160452971234918,False,Ride,83.6,
235,34.0,902,,6.251,2,Ride,27,,2021-11-04,Morning Ride,15.624,1,,False,5.64,2021-11-04T06:07:33Z,5638.3,902,,6209050098,134.2,b9840788,,,123.4,1257,28.2806546241045,-26.15957211703062,False,Ride,70.6,
230,289.0,4226,,8.719,36,Ride,48,,2021-11-04,Thumpit Thursday - Kloof & Fishers Hill,18.046,16,,False,36.42,2021-11-04T04:41:27Z,36420.5,4177,,6209017590,199.3,b9840788,,,832.1,917,28.280135616660118,-26.16000018082559,False,Ride,86.8,
205,203.0,4238,,8.416,11,Ride,49,,2021-11-03,Granny Wednesday ,15.072,1,,False,35.18,2021-11-03T04:42:24Z,35176.9,4180,,6204510407,167.0,b9840788,,,702.5,1366,28.278511120006442,-26.159516209736466,False,Ride,86.8,
211,319.0,5909,,8.366,9,Ride,47,,2021-11-01,Morning Ride,14.508,5,,False,48.41,2021-11-01T05:33:16Z,48412.5,5787,,6195205018,172.0,b9840788,,,1002.9,1155,28.280301997438073,-26.16014527156949,False,Ride,85.2,
198,832.0,15993,,8.753,17,Ride,53,,2021-10-31,Klapperkop Irene ,20.627,2,,False,112.23,2021-10-31T05:33:32Z,112235.0,12823,,6190507884,165.3,b9840788,,,2128.6,1205,28.276617312803864,-26.15954370237887,False,Ride,83.2,
229,150.0,3155,,9.473,19,Ride,39,,2021-10-29,"Morning ""coffee"" Ride",15.48,4,,False,29.89,2021-10-29T04:45:21Z,29887.6,3155,,6181401340,203.4,b9840788,,,646.2,954,28.28022262081504,-26.16048088297248,False,Ride,91.1,
228,269.0,4205,,9.075,42,Ride,44,,2021-10-28,Thumpit Thursday,16.726,25,,False,37.59,2021-10-28T04:42:21Z,37588.7,4142,,6176913525,195.5,b9840788,,,814.5,1151,28.280117344111204,-26.16026840172708,False,Ride,86.4,
215,147.0,4247,,8.374,6,Ride,41,,2021-10-27,Granny Wednesday with a flat wheel,11.892,2,,False,29.65,2021-10-27T04:41:00Z,29651.0,3541,,6172174663,193.5,b9840788,,,682.3,986,28.280116003006697,-26.16034417413175,False,Ride,82.1,
214,266.0,5553,,8.808,27,Ride,39,,2021-10-23,Om Die Dam plus Vat,13.414,1,,False,47.92,2021-10-23T05:31:02Z,47921.9,5441,,6152579950,185.2,b9840788,,,1009.3,1080,28.280223961919546,-26.16026303730905,False,Ride,82.5,
212,144.0,3247,,9.271,13,Ride,33,,2021-10-22,Nice Coffee Ride with BL,19.518,1,,False,29.85,2021-10-22T04:45:45Z,29851.4,3220,,6148407763,187.9,b9840788,,,604.6,817,28.280192697420716,-26.16043394431472,False,Ride,83.2,
214,231.0,3976,,9.255,30,Ride,24,,2021-10-21,Morning Ride,14.828,15,,False,36.57,2021-10-21T04:42:00Z,36567.5,3951,,6143924431,193.0,b9840788,,,762.1,892,28.280176520347595,-26.160510554909706,False,Ride,81.2,
200,556.0,13834,,9.34,42,Ride,44,,2021-10-17,Morning Ride,14.9,28,,False,113.26,2021-10-17T05:31:11Z,113258.0,12126,,6124553534,174.0,b9840788,,,2118.0,1543,28.28014,-26.160552,False,Ride,80.9,
227,132.0,3047,,9.844,34,Ride,41,,2021-10-15,Friday Coffee Ride,19.4,20,,False,29.71,2021-10-15T04:45:15Z,29708.0,3018,,6114801455,202.4,b9840788,,,614.7,1084,28.280173,-26.160027,False,Ride,85.6,
210,201.0,6001,,8.754,31,Ride,42,,2021-10-13,Granny Wednesday,15.8,12,,False,40.65,2021-10-13T04:11:41Z,40653.9,4644,,6105334724,169.6,b9840788,,,786.5,1178,28.300075,-26.126739,False,Ride,79.2,
208,240.0,6759,,9.053,44,Ride,48,,2021-10-12,Morning Ride,15.0,17,,False,44.24,2021-10-12T04:17:31Z,44242.1,4887,,6100210648,174.7,b9840788,,,857.0,1074,28.300746,-26.126837,False,Ride,77.5,
240,53.0,1454,,9.862,17,Ride,24,,2021-10-09,One TT Lap,14.5,12,,False,14.34,2021-10-09T07:19:39Z,14339.3,1454,,6084942911,218.1,b9840788,,,315.7,754,28.278377,-26.159148,False,Ride,81.3,
220,225.0,4361,,8.851,27,Ride,37,,2021-10-09,Om Die Dam,14.2,4,,False,36.9,2021-10-09T05:34:09Z,36899.9,4169,,6084861843,193.0,b9840788,,,806.1,1200,28.28076,-26.159581,False,Ride,78.4,
222,159.0,2702,,9.37,19,Ride,29,,2021-10-07,Morning Ride,14.5,17,,False,25.32,2021-10-07T04:43:04Z,25316.4,2702,,6075367146,205.3,b9406276,,,549.6,693,28.281035,-26.159608,False,Ride,79.5,
195,274.0,5987,,8.917,40,Ride,48,,2021-10-06,Granny Wednesdays,13.6,21,,False,44.64,2021-10-06T04:15:59Z,44636.9,5006,,6070422073,163.2,b9406276,,,817.8,1214,28.29993,-26.126793,False,Ride,77.0,
203,199.0,3511,,8.999,31,Ride,45,,2021-10-05,Windy Morning Ride,16.1,16,,False,31.39,2021-10-05T04:42:09Z,31389.2,3488,,6065247265,168.8,b9406276,,,590.9,785,28.280045,-26.159555,False,Ride,79.4,
190,153.0,4681,,8.472,9,Ride,46,,2021-09-29,Granny Wednesday ,14.1,3,,False,28.77,2021-09-29T04:40:52Z,28771.8,3396,,6035959461,146.0,b9406276,,,498.5,926,28.280177,-26.160184,False,Ride,75.6,
213,900.0,11526,,8.346,3,Ride,37,,2021-09-18,Blue Diamond Classic,20.9,2,,False,96.19,2021-09-18T07:50:21Z,96193.9,11526,,5978289874,192.9,b9406276,,,2222.1,864,28.458727,-25.685073,False,Ride,74.6,
222,138.0,3693,,9.202,36,Ride,40,,2021-09-17,Morning Ride,14.2,19,,False,26.48,2021-09-17T04:26:29Z,26475.4,2877,,5972795180,178.3,b9406276,,,510.5,819,28.280186,-26.160235,False,Ride,77.7,
196,139.0,3927,,8.02,12,Ride,42,,2021-09-15,Morning Ride,15.1,7,,False,30.83,2021-09-15T04:42:05Z,30828.1,3844,,5962323823,165.6,b9406276,,,635.8,1080,28.280186,-26.160303,False,Ride,76.1,
220,181.0,3782,,8.407,39,Ride,37,,2021-09-14,Morning Ride,14.8,10,,False,31.56,2021-09-14T04:40:05Z,31559.5,3754,,5956845156,150.4,b9406276,,,564.6,1069,28.28064,-26.160218,False,Ride,72.3,
190,656.0,15587,,7.706,13,Ride,34,,2021-09-11,Casual Morning Ride,18.5,5,,False,101.29,2021-09-11T05:46:12Z,101292.0,13144,,5940558397,149.2,b9406276,,,1952.5,1138,28.280151,-26.1602,False,Ride,73.6,
205,155.0,3485,,8.536,9,Ride,31,,2021-09-10,Coffee Ride ,13.2,3,,False,29.41,2021-09-10T04:46:26Z,29406.8,3445,,5935265707,171.4,b9406276,,,591.4,1219,28.278923,-26.159517,False,Ride,81.0,
198,221.0,4479,,8.125,17,Ride,29,,2021-09-08,Morning Ride,13.0,0,,False,36.12,2021-09-08T04:41:10Z,36117.0,4445,,5924493391,164.5,b9406276,,,732.8,1297,28.280177,-26.160158,False,Ride,80.7,
208,325.0,4414,,8.244,31,Ride,32,,2021-09-02,Thumpit Thursday - Kloof & Fishers Hill,16.3,9,,False,36.39,2021-09-02T04:41:21Z,36391.2,4414,,5891288537,175.7,b9406276,,,777.7,875,28.280233,-26.160274,False,Ride,81.3,
195,230.0,4409,,8.562,21,Ride,37,,2021-09-01,Morning Ride,16.7,12,,False,37.75,2021-09-01T04:41:44Z,37748.3,4409,,5885879795,152.0,b9406276,,,670.2,1038,28.280148,-26.160427,False,Ride,78.3,
204,179.0,3573,,8.812,36,Ride,28,,2021-08-31,Sunward Ride - BL,15.5,24,,False,31.49,2021-08-31T04:42:26Z,31486.8,3573,,5880221818,149.2,b9406276,,,533.9,1064,28.280172,-26.160495,False,Ride,77.9,
208,135.0,3339,,8.879,14,Ride,28,,2021-08-27,Morning Ride,19.1,7,,False,29.51,2021-08-27T04:48:16Z,29505.8,3323,,5859544208,181.7,b9406276,,,604.8,1123,28.279347,-26.159551,False,Ride,83.3,
197,264.0,4736,,8.392,47,Ride,27,,2021-08-26,Bedford BL,15.4,25,,False,37.55,2021-08-26T04:43:10Z,37554.1,4475,,5854386779,161.7,b9406276,,,720.2,1130,28.280199,-26.160464,False,Ride,82.5,
191,202.0,4577,,8.468,24,Ride,28,,2021-08-25,Granny Wednesday,15.5,15,,False,38.62,2021-08-25T04:42:28Z,38621.1,4561,,5848739518,151.5,b9406276,,,709.1,1212,28.280133,-26.160238,False,Ride,78.0,
205,207.0,4414,,7.724,27,Ride,27,,2021-08-24,Morning Ride with BL,14.1,9,,False,32.72,2021-08-24T04:42:01Z,32718.0,4236,,5842917549,145.7,b9406276,,,613.5,1118,28.280208,-26.160459,False,Ride,78.1,
209,140.0,3292,,9.115,37,Ride,20,,2021-08-20,Morning Coffee Ride,13.6,13,,False,29.53,2021-08-20T04:46:30Z,29532.3,3240,,5821500022,187.1,b9406276,,,607.9,1366,28.279751,-26.159936,False,Ride,83.5,
187,174.0,4053,,7.713,7,Ride,23,,2021-08-18,Morning Ride with BL,15.8,1,,False,31.07,2021-08-18T04:41:11Z,31066.5,4028,,5810649538,129.3,b9406276,,,520.4,1044,28.280152,-26.160422,False,Ride,80.9,
172,0,3724,,9.615,0,Ride,9,,2021-08-17,Evening Ride,17.3,0,,False,35.81,2021-08-17T19:03:11Z,35808.0,3724,,5808588999,148.5,b9406276,,,553.7,393,,,True,Ride,80.9,
188,35.0,2311,,8.306,4,Ride,6,,2021-08-15,Afternoon Ride,12.4,4,,False,14.41,2021-08-15T16:55:51Z,14411.5,1735,,5808186033,171.9,b9406276,,,297.0,997,28.298501,-26.137761,False,Ride,80.2,
190,474.0,10795,,8.679,33,Ride,24,,2021-08-09,Morning Ride,15.1,24,,False,88.0,2021-08-09T06:02:40Z,88000.7,10140,,5762247712,154.6,b9406276,,,1570.4,1044,28.280155,-26.159836,False,Ride,80.4,
,110.0,5103,,3.599,7,Ride,12,,2021-08-08,Rosemary Hill,8.6,3,,False,13.06,2021-08-08T07:45:46Z,13061.6,3629,,5756650077,120.0,,,,435.3,,28.430903,-25.790634,False,Ride,,
199,281.0,6273,,7.836,9,Ride,17,,2021-08-07,Morning Ride,14.6,1,,False,47.35,2021-08-07T06:00:25Z,47354.1,6043,,5751123754,164.6,b9406276,,,991.5,1146,28.280611,-26.160959,False,Ride,78.6,
,161.1,3131,,9.347,0,Ride,16,,2021-08-06,Morning Ride,14.0,0,,False,29.27,2021-08-06T04:45:25Z,29265.8,3131,,5746244475,192.9,b9406276,,,603.9,,28.280139,-26.160448,False,Ride,,
211,181.0,3855,,8.112,11,Ride,13,,2021-07-28,Solo Lunch Ride with strong head winds,14.2,9,,False,30.22,2021-07-28T12:42:30Z,30217.7,3725,,5700145900,196.8,b9406276,,,726.9,1027,28.300454,-26.126733,False,Ride,75.5,
199,453.7,10030,,8.017,20,Ride,19,,2021-07-25,Morning Ride,13.6,9,,False,75.93,2021-07-25T07:30:43Z,75925.5,9470,,5682960636,161.9,b9406276,,,1529.6,1189,28.280073,-26.160522,False,Ride,76.8,
179,0,2134,,9.395,0,Ride,6,,2021-07-22,Evening Ride,20.1,0,,False,20.05,2021-07-22T19:45:33Z,20048.1,2134,,5670179415,157.9,b9406276,,,337.3,747,,,True,Ride,71.5,
160,0,3867,,10.349,0,Ride,6,,2021-07-21,Cold Indoor Ride,17.3,0,,False,40.02,2021-07-21T20:41:52Z,40019.3,3867,,5665285090,145.1,b9406276,,,561.5,655,,,True,Ride,74.1,
191,1038.4,15000,,7.696,106,Ride,21,,2021-07-18,Morning Ride,20.0,67,,False,106.6,2021-07-18T06:32:56Z,106596.0,13851,,5645591420,159.6,b9406276,,,2207.7,1014,28.279795,-26.159585,False,Ride,76.0,
186,435.6,9281,,7.84,30,Ride,15,,2021-07-17,Morning Ride,13.1,7,,False,68.69,2021-07-17T06:01:41Z,68694.0,8762,,5639627797,152.9,b9406276,,,1338.4,1136,28.277912,-26.159584,False,Ride,74.1,
165,0,3828,,10.461,0,Ride,5,,2021-07-13,Evening Ride,17.4,0,,False,40.04,2021-07-13T18:31:48Z,40044.7,3828,,5621888407,159.4,b9406276,,,606.7,404,,,True,Ride,78.4,
225,205.9,2633,,7.073,9,Ride,3,,2021-07-13,Hill Repeats ,15.4,2,,False,16.64,2021-07-13T14:59:43Z,16641.8,2353,,5620769268,168.3,b9406276,,,393.3,1141,28.29986,-26.127097,False,Ride,66.3,
165,102.7,3077,,6.916,7,Ride,6,,2021-07-10,Afternoon ride with the Covid kid,17.3,1,,False,20.56,2021-07-10T12:26:32Z,20561.6,2973,,5604122407,131.4,b9406276,,,389.2,1374,28.299733,-26.127946,False,Ride,78.3,
181,353.0,6138,,7.105,42,Ride,13,,2021-07-10,Lazy Coffee Ride,17.5,6,,False,41.97,2021-07-10T06:09:09Z,41971.2,5907,,5602775084,157.2,b9406276,,,924.2,1124,28.280285,-26.160227,False,Ride,78.7,
185,135.0,6140,,9.447,38,Ride,11,,2021-07-09,Morning Ride,13.0,7,,False,34.16,2021-07-09T04:46:23Z,34161.8,3616,,5597911910,162.9,b9406276,,,589.4,803,28.280159,-26.16005,False,Ride,82.2,
187,273.3,4685,,8.13,15,Ride,11,,2021-07-08,Morning Ride,17.3,14,,False,37.56,2021-07-08T04:40:06Z,37559.5,4620,,5592844272,160.0,b9406276,,,740.7,818,28.280176,-26.16045,False,Ride,79.8,
180,454.9,10396,,8.3,6,Ride,9,,2021-07-04,Ice cold Morning Ride,14.1,2,,False,83.42,2021-07-04T06:00:10Z,83419.0,10050,,5571674803,158.6,b9406276,,,1591.2,794,28.280236,-26.160445,False,Ride,76.8,
198,338.8,11340,,7.738,42,Ride,8,,2021-07-03,Morning Ride,13.8,4,,False,61.35,2021-07-03T05:40:50Z,61350.6,7928,,5566270340,173.1,b9406276,,,1365.5,1217,28.29983,-26.12709,False,Ride,77.7,
211,208.4,4715,,8.025,34,Ride,7,,2021-07-02,Lunch Ride,13.2,9,,False,36.8,2021-07-02T11:22:09Z,36800.4,4586,,5562372649,199.1,,,,908.4,1200,28.301364,-26.126619,False,Ride,78.6,
149,0,3800,,10.553,0,Ride,7,,2021-06-30,Evening Ride,19.9,0,,False,40.1,2021-06-30T19:30:04Z,40101.4,3800,,5554461764,140.6,,,,535.0,657,,,True,Ride,84.7,
175,1072.7,15651,,7.547,33,Ride,13,,2021-06-27,Morning Ride,19.2,14,,False,111.13,2021-06-27T05:45:06Z,111127.0,14724,,5535750084,144.2,,,,2103.0,906,28.299839,-26.127182,False,Ride,73.1,
186,186.0,4977,,8.492,0,Ride,11,,2021-06-25,Morning Ride,13.8,0,,False,37.53,2021-06-25T04:35:38Z,37526.4,4419,,5525053470,158.1,,,,699.3,1061,28.300027,-26.126833,False,Ride,76.3,
179,0,1583,,9.0,0,Ride,2,,2021-06-23,Evening Ride,19.3,0,,False,14.25,2021-06-23T18:21:17Z,14247.0,1583,,5517348651,177.5,,,,273.4,784,,,True,Ride,83.3,
,597.4,10557,,8.019,0,Ride,2,,2021-06-20,Morning Ride,0,0,,False,84.66,2021-06-20T06:02:00Z,84660.0,10557,,5520646170,,,,,,,,,False,Ride,,
,0,2113,,6.957,0,Ride,3,,2021-01-19,Evening Ride,0,0,,False,14.7,2021-01-19T17:38:19Z,14700.0,2113,,4647427888,,,,,,,,,False,Ride,,
,57.9,1795,,2.697,0,Run,0,,2020-08-28,Afternoon Run,5.8,0,,False,4.78,2020-08-28T16:41:32Z,4781.9,1773,,4035363533,,,,6.18,,,28.246116,-26.068663,False,Run,,
,38.9,1810,,2.824,0,Run,0,,2020-08-25,Afternoon Run,4.4,0,,False,4.71,2020-08-25T16:03:51Z,4705.1,1666,,4035364409,,,,5.9,,,28.299944,-26.126704,False,Run,,
,48.3,2476,,2.595,0,Run,1,,2020-07-21,Lunch Run,5.2,0,,False,6.21,2020-07-21T11:07:53Z,6207.0,2392,,3795725628,,,,6.42,,,28.301431,-26.126596,False,Run,,
,0.0,2340,,2.179,0,Run,1,,2020-05-22,Morning Run,0,0,,False,5.1,2020-05-22T23:00:35Z,5100.0,2340,,3496534750,,,,7.65,,,,,False,Run,,
,0,2242,,2.319,0,Run,1,,2020-05-16,Morning Run,0,0,,False,5.2,2020-05-16T23:09:32Z,5200.0,2242,,3463805080,,,,7.19,,,,,False,Run,,
,0,2288,,2.229,0,Run,1,,2020-05-16,Afternoon Run,0,0,,False,5.1,2020-05-16T04:45:03Z,5100.0,2288,,3459426225,,,,7.48,,,,,False,Run,,
